PROCESS_NAME,PRODUCT_NAME,PRODUCT_FAMILY,DATE_TIME,PROGRAM,WAFER_ID,TEST_MODE,PROCESS_STEP,OPERATOR,SUBROUTINE,PROBER_ID,TESTER_ID,PROBE_CARD_ID,Z_OVERDRIVE_MILS,COLUMN_RETICLE,ROW_RETICLE,INTRA_COL,INTRA_ROW,ABS_COL,ABS_ROW,DIE_ID,RESISTANCE,ERROR
Reliability,CF1101,CF1100,2026-09-01 15:28:27.000Z,Cenfire,CENV-V-056-SPLIT1-w0085,Production,Inline,OPERATOR,Test_Structures,PROBE08,PROBE08,38314101-001,25,7,1,1,7,55,1,1-7-7-1,0.704924,
Reliability,CF1101,CF1100,2026-09-01 15:28:27.000Z,Cenfire,CENV-V-056-SPLIT1-w0085,Production,Inline,OPERATOR,Test_Structures,PROBE08,PROBE08,38314101-001,25,7,1,2,7,56,1,2-7-7-1,137.808,
Reliability,CF1101,CF1100,2026-09-01 15:28:32.000Z,Cenfire,CENV-V-056-SPLIT1-w0085,Production,Inline,OPERATOR,Test_Structures,PROBE08,PROBE08,38314101-001,25,8,1,1,7,64,1,1-7-8-1,0.700509,
Reliability,CF1101,CF1100,2026-09-01 15:28:32.000Z,Cenfire,CENV-V-056-SPLIT1-w0085,Production,Inline,OPERATOR,Test_Structures,PROBE08,PROBE08,38314101-001,25,8,1,2,7,65,1,2-7-8-1,537.178,
Reliability,CF1101,CF1100,2026-09-01 15:28:37.000Z,Cenfire,CENV-V-056-SPLIT1-w0085,Production,Inline,OPERATOR,Test_Structures,PROBE08,PROBE08,38314101-001,25,9,1,1,7,73,1,1-7-9-1,1.37782,
Reliability,CF1101,CF1100,2026-09-01 15:28:37.000Z,Cenfire,CENV-V-056-SPLIT1-w0085,Production,Inline,OPERATOR,Test_Structures,PROBE08,PROBE08,38314101-001,25,9,1,2,7,74,1,2-7-9-1,886.904,
Reliability,CF1101,CF1100,2026-09-01 15:28:42.000Z,Cenfire,CENV-V-056-SPLIT1-w0085,Production,Inline,OPERATOR,Test_Structures,PROBE08,PROBE08,38314101-001,25,5,2,1,7,37,8,1-7-5-2,0.690409,
Reliability,CF1101,CF1100,2026-09-01 15:28:42.000Z,Cenfire,CENV-V-056-SPLIT1-w0085,Production,Inline,OPERATOR,Test_Structures,PROBE08,PROBE08,38314101-001,25,5,2,2,7,38,8,2-7-5-2,587.73,
Reliability,CF1101,CF1100,2026-09-01 15:28:46.000Z,Cenfire,CENV-V-056-SPLIT1-w0085,Production,Inline,OPERATOR,Test_Structures,PROBE08,PROBE08,38314101-001,25,6,2,1,7,46,8,1-7-6-2,0.68733,
Reliability,CF1101,CF1100,2026-09-01 15:28:46.000Z,Cenfire,CENV-V-056-SPLIT1-w0085,Production,Inline,OPERATOR,Test_Structures,PROBE08,PROBE08,38314101-001,25,6,2,2,7,47,8,2-7-6-2,249.836,
Reliability,CF1101,CF1100,2026-09-01 15:28:51.000Z,Cenfire,CENV-V-056-SPLIT1-w0085,Production,Inline,OPERATOR,Test_Structures,PROBE08,PROBE08,38314101-001,25,7,2,1,7,55,8,1-7-7-2,0.686606,
Reliability,CF1101,CF1100,2026-09-01 15:28:51.000Z,Cenfire,CENV-V-056-SPLIT1-w0085,Production,Inline,OPERATOR,Test_Structures,PROBE08,PROBE08,38314101-001,25,7,2,2,7,56,8,2-7-7-2,166.028,
Reliability,CF1101,CF1100,2026-09-01 15:28:56.000Z,Cenfire,CENV-V-056-SPLIT1-w0085,Production,Inline,OPERATOR,Test_Structures,PROBE08,PROBE08,38314101-001,25,8,2,1,7,64,8,1-7-8-2,0.687792,
Reliability,CF1101,CF1100,2026-09-01 15:28:56.000Z,Cenfire,CENV-V-056-SPLIT1-w0085,Production,Inline,OPERATOR,Test_Structures,PROBE08,PROBE08,38314101-001,25,8,2,2,7,65,8,2-7-8-2,0.298444,
Reliability,CF1101,CF1100,2026-09-01 15:29:01.000Z,Cenfire,CENV-V-056-SPLIT1-w0085,Production,Inline,OPERATOR,Test_Structures,PROBE08,PROBE08,38314101-001,25,9,2,1,7,73,8,1-7-9-2,0.690886,
Reliability,CF1101,CF1100,2026-09-01 15:29:01.000Z,Cenfire,CENV-V-056-SPLIT1-w0085,Production,Inline,OPERATOR,Test_Structures,PROBE08,PROBE08,38314101-001,25,9,2,2,7,74,8,2-7-9-2,356.668,
Reliability,CF1101,CF1100,2026-09-01 15:29:05.000Z,Cenfire,CENV-V-056-SPLIT1-w0085,Production,Inline,OPERATOR,Test_Structures,PROBE08,PROBE08,38314101-001,25,10,2,1,7,82,8,1-7-10-2,0.70966,
Reliability,CF1101,CF1100,2026-09-01 15:29:05.000Z,Cenfire,CENV-V-056-SPLIT1-w0085,Production,Inline,OPERATOR,Test_Structures,PROBE08,PROBE08,38314101-001,25,10,2,2,7,83,8,2-7-10-2,0.33593,
Reliability,CF1101,CF1100,2026-09-01 15:29:10.000Z,Cenfire,CENV-V-056-SPLIT1-w0085,Production,Inline,OPERATOR,Test_Structures,PROBE08,PROBE08,38314101-001,25,11,2,1,7,91,8,1-7-11-2,0.722001,
Reliability,CF1101,CF1100,2026-09-01 15:29:10.000Z,Cenfire,CENV-V-056-SPLIT1-w0085,Production,Inline,OPERATOR,Test_Structures,PROBE08,PROBE08,38314101-001,25,11,2,2,7,92,8,2-7-11-2,487.275,
Reliability,CF1101,CF1100,2026-09-01 15:29:15.000Z,Cenfire,CENV-V-056-SPLIT1-w0085,Production,Inline,OPERATOR,Test_Structures,PROBE08,PROBE08,38314101-001,25,4,3,1,7,28,15,1-7-4-3,0.689934,
Reliability,CF1101,CF1100,2026-09-01 15:29:15.000Z,Cenfire,CENV-V-056-SPLIT1-w0085,Production,Inline,OPERATOR,Test_Structures,PROBE08,PROBE08,38314101-001,25,4,3,2,7,29,15,2-7-4-3,126.871,
Reliability,CF1101,CF1100,2026-09-01 15:29:20.000Z,Cenfire,CENV-V-056-SPLIT1-w0085,Production,Inline,OPERATOR,Test_Structures,PROBE08,PROBE08,38314101-001,25,5,3,1,7,37,15,1-7-5-3,0.674203,
Reliability,CF1101,CF1100,2026-09-01 15:29:20.000Z,Cenfire,CENV-V-056-SPLIT1-w0085,Production,Inline,OPERATOR,Test_Structures,PROBE08,PROBE08,38314101-001,25,5,3,2,7,38,15,2-7-5-3,152.075,
Reliability,CF1101,CF1100,2026-09-01 15:29:25.000Z,Cenfire,CENV-V-056-SPLIT1-w0085,Production,Inline,OPERATOR,Test_Structures,PROBE08,PROBE08,38314101-001,25,6,3,1,7,46,15,1-7-6-3,0.668324,
Reliability,CF1101,CF1100,2026-09-01 15:29:25.000Z,Cenfire,CENV-V-056-SPLIT1-w0085,Production,Inline,OPERATOR,Test_Structures,PROBE08,PROBE08,38314101-001,25,6,3,2,7,47,15,2-7-6-3,349.756,
Reliability,CF1101,CF1100,2026-09-01 15:29:29.000Z,Cenfire,CENV-V-056-SPLIT1-w0085,Production,Inline,OPERATOR,Test_Structures,PROBE08,PROBE08,38314101-001,25,7,3,1,7,55,15,1-7-7-3,0.664613,
Reliability,CF1101,CF1100,2026-09-01 15:29:29.000Z,Cenfire,CENV-V-056-SPLIT1-w0085,Production,Inline,OPERATOR,Test_Structures,PROBE08,PROBE08,38314101-001,25,7,3,2,7,56,15,2-7-7-3,1405.35,
Reliability,CF1101,CF1100,2026-09-01 15:29:34.000Z,Cenfire,CENV-V-056-SPLIT1-w0085,Production,Inline,OPERATOR,Test_Structures,PROBE08,PROBE08,38314101-001,25,8,3,1,7,64,15,1-7-8-3,0.66692,
Reliability,CF1101,CF1100,2026-09-01 15:29:34.000Z,Cenfire,CENV-V-056-SPLIT1-w0085,Production,Inline,OPERATOR,Test_Structures,PROBE08,PROBE08,38314101-001,25,8,3,2,7,65,15,2-7-8-3,0.736298,
Reliability,CF1101,CF1100,2026-09-01 15:29:39.000Z,Cenfire,CENV-V-056-SPLIT1-w0085,Production,Inline,OPERATOR,Test_Structures,PROBE08,PROBE08,38314101-001,25,9,3,1,7,73,15,1-7-9-3,0.674397,
Reliability,CF1101,CF1100,2026-09-01 15:29:39.000Z,Cenfire,CENV-V-056-SPLIT1-w0085,Production,Inline,OPERATOR,Test_Structures,PROBE08,PROBE08,38314101-001,25,9,3,2,7,74,15,2-7-9-3,3603.53,
Reliability,CF1101,CF1100,2026-09-01 15:29:43.000Z,Cenfire,CENV-V-056-SPLIT1-w0085,Production,Inline,OPERATOR,Test_Structures,PROBE08,PROBE08,38314101-001,25,10,3,1,7,82,15,1-7-10-3,0.684711,
Reliability,CF1101,CF1100,2026-09-01 15:29:43.000Z,Cenfire,CENV-V-056-SPLIT1-w0085,Production,Inline,OPERATOR,Test_Structures,PROBE08,PROBE08,38314101-001,25,10,3,2,7,83,15,2-7-10-3,276.522,
Reliability,CF1101,CF1100,2026-09-01 15:29:48.000Z,Cenfire,CENV-V-056-SPLIT1-w0085,Production,Inline,OPERATOR,Test_Structures,PROBE08,PROBE08,38314101-001,25,11,3,1,7,91,15,1-7-11-3,0.697885,
Reliability,CF1101,CF1100,2026-09-01 15:29:48.000Z,Cenfire,CENV-V-056-SPLIT1-w0085,Production,Inline,OPERATOR,Test_Structures,PROBE08,PROBE08,38314101-001,25,11,3,2,7,92,15,2-7-11-3,735.579,
Reliability,CF1101,CF1100,2026-09-01 15:29:53.000Z,Cenfire,CENV-V-056-SPLIT1-w0085,Production,Inline,OPERATOR,Test_Structures,PROBE08,PROBE08,38314101-001,25,12,3,1,7,100,15,1-7-12-3,0.773206,
Reliability,CF1101,CF1100,2026-09-01 15:29:53.000Z,Cenfire,CENV-V-056-SPLIT1-w0085,Production,Inline,OPERATOR,Test_Structures,PROBE08,PROBE08,38314101-001,25,12,3,2,7,101,15,2-7-12-3,19.1356,
Reliability,CF1101,CF1100,2026-09-01 15:29:58.000Z,Cenfire,CENV-V-056-SPLIT1-w0085,Production,Inline,OPERATOR,Test_Structures,PROBE08,PROBE08,38314101-001,25,3,4,1,7,19,22,1-7-3-4,0.687595,
Reliability,CF1101,CF1100,2026-09-01 15:29:58.000Z,Cenfire,CENV-V-056-SPLIT1-w0085,Production,Inline,OPERATOR,Test_Structures,PROBE08,PROBE08,38314101-001,25,3,4,2,7,20,22,2-7-3-4,350.099,
Reliability,CF1101,CF1100,2026-09-01 15:30:03.000Z,Cenfire,CENV-V-056-SPLIT1-w0085,Production,Inline,OPERATOR,Test_Structures,PROBE08,PROBE08,38314101-001,25,4,4,1,7,28,22,1-7-4-4,0.666117,
Reliability,CF1101,CF1100,2026-09-01 15:30:03.000Z,Cenfire,CENV-V-056-SPLIT1-w0085,Production,Inline,OPERATOR,Test_Structures,PROBE08,PROBE08,38314101-001,25,4,4,2,7,29,22,2-7-4-4,552.173,
Reliability,CF1101,CF1100,2026-09-01 15:30:07.000Z,Cenfire,CENV-V-056-SPLIT1-w0085,Production,Inline,OPERATOR,Test_Structures,PROBE08,PROBE08,38314101-001,25,5,4,1,7,37,22,1-7-5-4,0.651859,
Reliability,CF1101,CF1100,2026-09-01 15:30:07.000Z,Cenfire,CENV-V-056-SPLIT1-w0085,Production,Inline,OPERATOR,Test_Structures,PROBE08,PROBE08,38314101-001,25,5,4,2,7,38,22,2-7-5-4,511.272,
Reliability,CF1101,CF1100,2026-09-01 15:30:12.000Z,Cenfire,CENV-V-056-SPLIT1-w0085,Production,Inline,OPERATOR,Test_Structures,PROBE08,PROBE08,38314101-001,25,6,4,1,7,46,22,1-7-6-4,0.64573,
Reliability,CF1101,CF1100,2026-09-01 15:30:12.000Z,Cenfire,CENV-V-056-SPLIT1-w0085,Production,Inline,OPERATOR,Test_Structures,PROBE08,PROBE08,38314101-001,25,6,4,2,7,47,22,2-7-6-4,0.559946,
Reliability,CF1101,CF1100,2026-09-01 15:30:17.000Z,Cenfire,CENV-V-056-SPLIT1-w0085,Production,Inline,OPERATOR,Test_Structures,PROBE08,PROBE08,38314101-001,25,7,4,1,7,55,22,1-7-7-4,0.642205,
Reliability,CF1101,CF1100,2026-09-01 15:30:17.000Z,Cenfire,CENV-V-056-SPLIT1-w0085,Production,Inline,OPERATOR,Test_Structures,PROBE08,PROBE08,38314101-001,25,7,4,2,7,56,22,2-7-7-4,0.50108,
Reliability,CF1101,CF1100,2026-09-01 15:30:21.000Z,Cenfire,CENV-V-056-SPLIT1-w0085,Production,Inline,OPERATOR,Test_Structures,PROBE08,PROBE08,38314101-001,25,8,4,1,7,64,22,1-7-8-4,0.643152,
Reliability,CF1101,CF1100,2026-09-01 15:30:21.000Z,Cenfire,CENV-V-056-SPLIT1-w0085,Production,Inline,OPERATOR,Test_Structures,PROBE08,PROBE08,38314101-001,25,8,4,2,7,65,22,2-7-8-4,0.784983,
Reliability,CF1101,CF1100,2026-09-01 15:30:26.000Z,Cenfire,CENV-V-056-SPLIT1-w0085,Production,Inline,OPERATOR,Test_Structures,PROBE08,PROBE08,38314101-001,25,9,4,1,7,73,22,1-7-9-4,0.653056,
Reliability,CF1101,CF1100,2026-09-01 15:30:26.000Z,Cenfire,CENV-V-056-SPLIT1-w0085,Production,Inline,OPERATOR,Test_Structures,PROBE08,PROBE08,38314101-001,25,9,4,2,7,74,22,2-7-9-4,0.344665,
Reliability,CF1101,CF1100,2026-09-01 15:30:31.000Z,Cenfire,CENV-V-056-SPLIT1-w0085,Production,Inline,OPERATOR,Test_Structures,PROBE08,PROBE08,38314101-001,25,10,4,1,7,82,22,1-7-10-4,0.666873,
Reliability,CF1101,CF1100,2026-09-01 15:30:31.000Z,Cenfire,CENV-V-056-SPLIT1-w0085,Production,Inline,OPERATOR,Test_Structures,PROBE08,PROBE08,38314101-001,25,10,4,2,7,83,22,2-7-10-4,1.09744,
Reliability,CF1101,CF1100,2026-09-01 15:30:36.000Z,Cenfire,CENV-V-056-SPLIT1-w0085,Production,Inline,OPERATOR,Test_Structures,PROBE08,PROBE08,38314101-001,25,11,4,1,7,91,22,1-7-11-4,0.682943,
Reliability,CF1101,CF1100,2026-09-01 15:30:36.000Z,Cenfire,CENV-V-056-SPLIT1-w0085,Production,Inline,OPERATOR,Test_Structures,PROBE08,PROBE08,38314101-001,25,11,4,2,7,92,22,2-7-11-4,0.207552,
Reliability,CF1101,CF1100,2026-09-01 15:30:40.000Z,Cenfire,CENV-V-056-SPLIT1-w0085,Production,Inline,OPERATOR,Test_Structures,PROBE08,PROBE08,38314101-001,25,12,4,1,7,100,22,1-7-12-4,0.702416,
Reliability,CF1101,CF1100,2026-09-01 15:30:40.000Z,Cenfire,CENV-V-056-SPLIT1-w0085,Production,Inline,OPERATOR,Test_Structures,PROBE08,PROBE08,38314101-001,25,12,4,2,7,101,22,2-7-12-4,1.07367,
Reliability,CF1101,CF1100,2026-09-01 15:30:45.000Z,Cenfire,CENV-V-056-SPLIT1-w0085,Production,Inline,OPERATOR,Test_Structures,PROBE08,PROBE08,38314101-001,25,13,4,1,7,109,22,1-7-13-4,1.92407,
Reliability,CF1101,CF1100,2026-09-01 15:30:45.000Z,Cenfire,CENV-V-056-SPLIT1-w0085,Production,Inline,OPERATOR,Test_Structures,PROBE08,PROBE08,38314101-001,25,13,4,2,7,110,22,2-7-13-4,4876.3,
Reliability,CF1101,CF1100,2026-09-01 15:30:50.000Z,Cenfire,CENV-V-056-SPLIT1-w0085,Production,Inline,OPERATOR,Test_Structures,PROBE08,PROBE08,38314101-001,25,3,5,1,7,19,29,1-7-3-5,0.673091,
Reliability,CF1101,CF1100,2026-09-01 15:30:50.000Z,Cenfire,CENV-V-056-SPLIT1-w0085,Production,Inline,OPERATOR,Test_Structures,PROBE08,PROBE08,38314101-001,25,3,5,2,7,20,29,2-7-3-5,259.495,
Reliability,CF1101,CF1100,2026-09-01 15:30:55.000Z,Cenfire,CENV-V-056-SPLIT1-w0085,Production,Inline,OPERATOR,Test_Structures,PROBE08,PROBE08,38314101-001,25,4,5,1,7,28,29,1-7-4-5,0.648853,
Reliability,CF1101,CF1100,2026-09-01 15:30:55.000Z,Cenfire,CENV-V-056-SPLIT1-w0085,Production,Inline,OPERATOR,Test_Structures,PROBE08,PROBE08,38314101-001,25,4,5,2,7,29,29,2-7-4-5,0.752515,
Reliability,CF1101,CF1100,2026-09-01 15:30:59.000Z,Cenfire,CENV-V-056-SPLIT1-w0085,Production,Inline,OPERATOR,Test_Structures,PROBE08,PROBE08,38314101-001,25,5,5,1,7,37,29,1-7-5-5,0.631667,
Reliability,CF1101,CF1100,2026-09-01 15:30:59.000Z,Cenfire,CENV-V-056-SPLIT1-w0085,Production,Inline,OPERATOR,Test_Structures,PROBE08,PROBE08,38314101-001,25,5,5,2,7,38,29,2-7-5-5,0.847118,
Reliability,CF1101,CF1100,2026-09-01 15:31:04.000Z,Cenfire,CENV-V-056-SPLIT1-w0085,Production,Inline,OPERATOR,Test_Structures,PROBE08,PROBE08,38314101-001,25,6,5,1,7,46,29,1-7-6-5,0.625265,
Reliability,CF1101,CF1100,2026-09-01 15:31:04.000Z,Cenfire,CENV-V-056-SPLIT1-w0085,Production,Inline,OPERATOR,Test_Structures,PROBE08,PROBE08,38314101-001,25,6,5,2,7,47,29,2-7-6-5,144.537,
Reliability,CF1101,CF1100,2026-09-01 15:31:09.000Z,Cenfire,CENV-V-056-SPLIT1-w0085,Production,Inline,OPERATOR,Test_Structures,PROBE08,PROBE08,38314101-001,25,7,5,1,7,55,29,1-7-7-5,0.623997,
Reliability,CF1101,CF1100,2026-09-01 15:31:09.000Z,Cenfire,CENV-V-056-SPLIT1-w0085,Production,Inline,OPERATOR,Test_Structures,PROBE08,PROBE08,38314101-001,25,7,5,2,7,56,29,2-7-7-5,144.872,
Reliability,CF1101,CF1100,2026-09-01 15:31:14.000Z,Cenfire,CENV-V-056-SPLIT1-w0085,Production,Inline,OPERATOR,Test_Structures,PROBE08,PROBE08,38314101-001,25,8,5,1,7,64,29,1-7-8-5,0.624466,
Reliability,CF1101,CF1100,2026-09-01 15:31:14.000Z,Cenfire,CENV-V-056-SPLIT1-w0085,Production,Inline,OPERATOR,Test_Structures,PROBE08,PROBE08,38314101-001,25,8,5,2,7,65,29,2-7-8-5,141.192,
Reliability,CF1101,CF1100,2026-09-01 15:31:18.000Z,Cenfire,CENV-V-056-SPLIT1-w0085,Production,Inline,OPERATOR,Test_Structures,PROBE08,PROBE08,38314101-001,25,9,5,1,7,73,29,1-7-9-5,0.633525,
Reliability,CF1101,CF1100,2026-09-01 15:31:18.000Z,Cenfire,CENV-V-056-SPLIT1-w0085,Production,Inline,OPERATOR,Test_Structures,PROBE08,PROBE08,38314101-001,25,9,5,2,7,74,29,2-7-9-5,139.821,
Reliability,CF1101,CF1100,2026-09-01 15:31:23.000Z,Cenfire,CENV-V-056-SPLIT1-w0085,Production,Inline,OPERATOR,Test_Structures,PROBE08,PROBE08,38314101-001,25,10,5,1,7,82,29,1-7-10-5,0.645723,
Reliability,CF1101,CF1100,2026-09-01 15:31:23.000Z,Cenfire,CENV-V-056-SPLIT1-w0085,Production,Inline,OPERATOR,Test_Structures,PROBE08,PROBE08,38314101-001,25,10,5,2,7,83,29,2-7-10-5,144.863,
Reliability,CF1101,CF1100,2026-09-01 15:31:28.000Z,Cenfire,CENV-V-056-SPLIT1-w0085,Production,Inline,OPERATOR,Test_Structures,PROBE08,PROBE08,38314101-001,25,11,5,1,7,91,29,1-7-11-5,0.665083,
Reliability,CF1101,CF1100,2026-09-01 15:31:28.000Z,Cenfire,CENV-V-056-SPLIT1-w0085,Production,Inline,OPERATOR,Test_Structures,PROBE08,PROBE08,38314101-001,25,11,5,2,7,92,29,2-7-11-5,117.57,
Reliability,CF1101,CF1100,2026-09-01 15:31:32.000Z,Cenfire,CENV-V-056-SPLIT1-w0085,Production,Inline,OPERATOR,Test_Structures,PROBE08,PROBE08,38314101-001,25,12,5,1,7,100,29,1-7-12-5,0.685055,
Reliability,CF1101,CF1100,2026-09-01 15:31:32.000Z,Cenfire,CENV-V-056-SPLIT1-w0085,Production,Inline,OPERATOR,Test_Structures,PROBE08,PROBE08,38314101-001,25,12,5,2,7,101,29,2-7-12-5,0.979796,
Reliability,CF1101,CF1100,2026-09-01 15:31:37.000Z,Cenfire,CENV-V-056-SPLIT1-w0085,Production,Inline,OPERATOR,Test_Structures,PROBE08,PROBE08,38314101-001,25,13,5,1,7,109,29,1-7-13-5,0.710392,
Reliability,CF1101,CF1100,2026-09-01 15:31:37.000Z,Cenfire,CENV-V-056-SPLIT1-w0085,Production,Inline,OPERATOR,Test_Structures,PROBE08,PROBE08,38314101-001,25,13,5,2,7,110,29,2-7-13-5,159.479,
Reliability,CF1101,CF1100,2026-09-01 15:31:42.000Z,Cenfire,CENV-V-056-SPLIT1-w0085,Production,Inline,OPERATOR,Test_Structures,PROBE08,PROBE08,38314101-001,25,2,6,1,7,10,36,1-7-2-6,0.679295,
Reliability,CF1101,CF1100,2026-09-01 15:31:42.000Z,Cenfire,CENV-V-056-SPLIT1-w0085,Production,Inline,OPERATOR,Test_Structures,PROBE08,PROBE08,38314101-001,25,2,6,2,7,11,36,2-7-2-6,299.926,
Reliability,CF1101,CF1100,2026-09-01 15:31:47.000Z,Cenfire,CENV-V-056-SPLIT1-w0085,Production,Inline,OPERATOR,Test_Structures,PROBE08,PROBE08,38314101-001,25,3,6,1,7,19,36,1-7-3-6,0.656998,
Reliability,CF1101,CF1100,2026-09-01 15:31:47.000Z,Cenfire,CENV-V-056-SPLIT1-w0085,Production,Inline,OPERATOR,Test_Structures,PROBE08,PROBE08,38314101-001,25,3,6,2,7,20,36,2-7-3-6,767.493,
Reliability,CF1101,CF1100,2026-09-01 15:31:51.000Z,Cenfire,CENV-V-056-SPLIT1-w0085,Production,Inline,OPERATOR,Test_Structures,PROBE08,PROBE08,38314101-001,25,4,6,1,7,28,36,1-7-4-6,0.635928,
Reliability,CF1101,CF1100,2026-09-01 15:31:51.000Z,Cenfire,CENV-V-056-SPLIT1-w0085,Production,Inline,OPERATOR,Test_Structures,PROBE08,PROBE08,38314101-001,25,4,6,2,7,29,36,2-7-4-6,0.553697,
Reliability,CF1101,CF1100,2026-09-01 15:31:56.000Z,Cenfire,CENV-V-056-SPLIT1-w0085,Production,Inline,OPERATOR,Test_Structures,PROBE08,PROBE08,38314101-001,25,5,6,1,7,37,36,1-7-5-6,0.61581,
Reliability,CF1101,CF1100,2026-09-01 15:31:56.000Z,Cenfire,CENV-V-056-SPLIT1-w0085,Production,Inline,OPERATOR,Test_Structures,PROBE08,PROBE08,38314101-001,25,5,6,2,7,38,36,2-7-5-6,139.234,
Reliability,CF1101,CF1100,2026-09-01 15:32:01.000Z,Cenfire,CENV-V-056-SPLIT1-w0085,Production,Inline,OPERATOR,Test_Structures,PROBE08,PROBE08,38314101-001,25,6,6,1,7,46,36,1-7-6-6,0.608616,
Reliability,CF1101,CF1100,2026-09-01 15:32:01.000Z,Cenfire,CENV-V-056-SPLIT1-w0085,Production,Inline,OPERATOR,Test_Structures,PROBE08,PROBE08,38314101-001,25,6,6,2,7,47,36,2-7-6-6,140.97,
Reliability,CF1101,CF1100,2026-09-01 15:32:05.000Z,Cenfire,CENV-V-056-SPLIT1-w0085,Production,Inline,OPERATOR,Test_Structures,PROBE08,PROBE08,38314101-001,25,7,6,1,7,55,36,1-7-7-6,0.606775,
Reliability,CF1101,CF1100,2026-09-01 15:32:05.000Z,Cenfire,CENV-V-056-SPLIT1-w0085,Production,Inline,OPERATOR,Test_Structures,PROBE08,PROBE08,38314101-001,25,7,6,2,7,56,36,2-7-7-6,141.225,
Reliability,CF1101,CF1100,2026-09-01 15:32:10.000Z,Cenfire,CENV-V-056-SPLIT1-w0085,Production,Inline,OPERATOR,Test_Structures,PROBE08,PROBE08,38314101-001,25,8,6,1,7,64,36,1-7-8-6,0.610526,
Reliability,CF1101,CF1100,2026-09-01 15:32:10.000Z,Cenfire,CENV-V-056-SPLIT1-w0085,Production,Inline,OPERATOR,Test_Structures,PROBE08,PROBE08,38314101-001,25,8,6,2,7,65,36,2-7-8-6,140.495,
Reliability,CF1101,CF1100,2026-09-01 15:32:15.000Z,Cenfire,CENV-V-056-SPLIT1-w0085,Production,Inline,OPERATOR,Test_Structures,PROBE08,PROBE08,38314101-001,25,9,6,1,7,73,36,1-7-9-6,0.614129,
Reliability,CF1101,CF1100,2026-09-01 15:32:15.000Z,Cenfire,CENV-V-056-SPLIT1-w0085,Production,Inline,OPERATOR,Test_Structures,PROBE08,PROBE08,38314101-001,25,9,6,2,7,74,36,2-7-9-6,140.174,
Reliability,CF1101,CF1100,2026-09-01 15:32:20.000Z,Cenfire,CENV-V-056-SPLIT1-w0085,Production,Inline,OPERATOR,Test_Structures,PROBE08,PROBE08,38314101-001,25,10,6,1,7,82,36,1-7-10-6,0.627219,
Reliability,CF1101,CF1100,2026-09-01 15:32:20.000Z,Cenfire,CENV-V-056-SPLIT1-w0085,Production,Inline,OPERATOR,Test_Structures,PROBE08,PROBE08,38314101-001,25,10,6,2,7,83,36,2-7-10-6,138.513,
Reliability,CF1101,CF1100,2026-09-01 15:32:24.000Z,Cenfire,CENV-V-056-SPLIT1-w0085,Production,Inline,OPERATOR,Test_Structures,PROBE08,PROBE08,38314101-001,25,11,6,1,7,91,36,1-7-11-6,0.646217,
Reliability,CF1101,CF1100,2026-09-01 15:32:24.000Z,Cenfire,CENV-V-056-SPLIT1-w0085,Production,Inline,OPERATOR,Test_Structures,PROBE08,PROBE08,38314101-001,25,11,6,2,7,92,36,2-7-11-6,140.792,
Reliability,CF1101,CF1100,2026-09-01 15:32:29.000Z,Cenfire,CENV-V-056-SPLIT1-w0085,Production,Inline,OPERATOR,Test_Structures,PROBE08,PROBE08,38314101-001,25,12,6,1,7,100,36,1-7-12-6,0.669631,
Reliability,CF1101,CF1100,2026-09-01 15:32:29.000Z,Cenfire,CENV-V-056-SPLIT1-w0085,Production,Inline,OPERATOR,Test_Structures,PROBE08,PROBE08,38314101-001,25,12,6,2,7,101,36,2-7-12-6,144.137,
Reliability,CF1101,CF1100,2026-09-01 15:32:34.000Z,Cenfire,CENV-V-056-SPLIT1-w0085,Production,Inline,OPERATOR,Test_Structures,PROBE08,PROBE08,38314101-001,25,13,6,1,7,109,36,1-7-13-6,0.692357,
Reliability,CF1101,CF1100,2026-09-01 15:32:34.000Z,Cenfire,CENV-V-056-SPLIT1-w0085,Production,Inline,OPERATOR,Test_Structures,PROBE08,PROBE08,38314101-001,25,13,6,2,7,110,36,2-7-13-6,0.435044,
Reliability,CF1101,CF1100,2026-09-01 15:32:38.000Z,Cenfire,CENV-V-056-SPLIT1-w0085,Production,Inline,OPERATOR,Test_Structures,PROBE08,PROBE08,38314101-001,25,14,6,1,7,118,36,1-7-14-6,1.30983,
Reliability,CF1101,CF1100,2026-09-01 15:32:38.000Z,Cenfire,CENV-V-056-SPLIT1-w0085,Production,Inline,OPERATOR,Test_Structures,PROBE08,PROBE08,38314101-001,25,14,6,2,7,119,36,2-7-14-6,568.596,
Reliability,CF1101,CF1100,2026-09-01 15:32:43.000Z,Cenfire,CENV-V-056-SPLIT1-w0085,Production,Inline,OPERATOR,Test_Structures,PROBE08,PROBE08,38314101-001,25,2,7,1,7,10,43,1-7-2-7,0.66657,
Reliability,CF1101,CF1100,2026-09-01 15:32:43.000Z,Cenfire,CENV-V-056-SPLIT1-w0085,Production,Inline,OPERATOR,Test_Structures,PROBE08,PROBE08,38314101-001,25,2,7,2,7,11,43,2-7-2-7,470.736,
Reliability,CF1101,CF1100,2026-09-01 15:32:48.000Z,Cenfire,CENV-V-056-SPLIT1-w0085,Production,Inline,OPERATOR,Test_Structures,PROBE08,PROBE08,38314101-001,25,3,7,1,7,19,43,1-7-3-7,0.644752,
Reliability,CF1101,CF1100,2026-09-01 15:32:48.000Z,Cenfire,CENV-V-056-SPLIT1-w0085,Production,Inline,OPERATOR,Test_Structures,PROBE08,PROBE08,38314101-001,25,3,7,2,7,20,43,2-7-3-7,1.33785,
Reliability,CF1101,CF1100,2026-09-01 15:32:53.000Z,Cenfire,CENV-V-056-SPLIT1-w0085,Production,Inline,OPERATOR,Test_Structures,PROBE08,PROBE08,38314101-001,25,4,7,1,7,28,43,1-7-4-7,0.621448,
Reliability,CF1101,CF1100,2026-09-01 15:32:53.000Z,Cenfire,CENV-V-056-SPLIT1-w0085,Production,Inline,OPERATOR,Test_Structures,PROBE08,PROBE08,38314101-001,25,4,7,2,7,29,43,2-7-4-7,140.108,
Reliability,CF1101,CF1100,2026-09-01 15:32:58.000Z,Cenfire,CENV-V-056-SPLIT1-w0085,Production,Inline,OPERATOR,Test_Structures,PROBE08,PROBE08,38314101-001,25,5,7,1,7,37,43,1-7-5-7,0.60736,
Reliability,CF1101,CF1100,2026-09-01 15:32:58.000Z,Cenfire,CENV-V-056-SPLIT1-w0085,Production,Inline,OPERATOR,Test_Structures,PROBE08,PROBE08,38314101-001,25,5,7,2,7,38,43,2-7-5-7,136.945,
Reliability,CF1101,CF1100,2026-09-01 15:33:02.000Z,Cenfire,CENV-V-056-SPLIT1-w0085,Production,Inline,OPERATOR,Test_Structures,PROBE08,PROBE08,38314101-001,25,6,7,1,7,46,43,1-7-6-7,0.601749,
Reliability,CF1101,CF1100,2026-09-01 15:33:02.000Z,Cenfire,CENV-V-056-SPLIT1-w0085,Production,Inline,OPERATOR,Test_Structures,PROBE08,PROBE08,38314101-001,25,6,7,2,7,47,43,2-7-6-7,136.799,
Reliability,CF1101,CF1100,2026-09-01 15:33:07.000Z,Cenfire,CENV-V-056-SPLIT1-w0085,Production,Inline,OPERATOR,Test_Structures,PROBE08,PROBE08,38314101-001,25,7,7,1,7,55,43,1-7-7-7,0.603894,
Reliability,CF1101,CF1100,2026-09-01 15:33:07.000Z,Cenfire,CENV-V-056-SPLIT1-w0085,Production,Inline,OPERATOR,Test_Structures,PROBE08,PROBE08,38314101-001,25,7,7,2,7,56,43,2-7-7-7,134.872,
Reliability,CF1101,CF1100,2026-09-01 15:33:12.000Z,Cenfire,CENV-V-056-SPLIT1-w0085,Production,Inline,OPERATOR,Test_Structures,PROBE08,PROBE08,38314101-001,25,8,7,1,7,64,43,1-7-8-7,0.605327,
Reliability,CF1101,CF1100,2026-09-01 15:33:12.000Z,Cenfire,CENV-V-056-SPLIT1-w0085,Production,Inline,OPERATOR,Test_Structures,PROBE08,PROBE08,38314101-001,25,8,7,2,7,65,43,2-7-8-7,138.608,
Reliability,CF1101,CF1100,2026-09-01 15:33:16.000Z,Cenfire,CENV-V-056-SPLIT1-w0085,Production,Inline,OPERATOR,Test_Structures,PROBE08,PROBE08,38314101-001,25,9,7,1,7,73,43,1-7-9-7,0.606134,
Reliability,CF1101,CF1100,2026-09-01 15:33:16.000Z,Cenfire,CENV-V-056-SPLIT1-w0085,Production,Inline,OPERATOR,Test_Structures,PROBE08,PROBE08,38314101-001,25,9,7,2,7,74,43,2-7-9-7,138.177,
Reliability,CF1101,CF1100,2026-09-01 15:33:21.000Z,Cenfire,CENV-V-056-SPLIT1-w0085,Production,Inline,OPERATOR,Test_Structures,PROBE08,PROBE08,38314101-001,25,10,7,1,7,82,43,1-7-10-7,0.615422,
Reliability,CF1101,CF1100,2026-09-01 15:33:21.000Z,Cenfire,CENV-V-056-SPLIT1-w0085,Production,Inline,OPERATOR,Test_Structures,PROBE08,PROBE08,38314101-001,25,10,7,2,7,83,43,2-7-10-7,137.646,
Reliability,CF1101,CF1100,2026-09-01 15:33:26.000Z,Cenfire,CENV-V-056-SPLIT1-w0085,Production,Inline,OPERATOR,Test_Structures,PROBE08,PROBE08,38314101-001,25,11,7,1,7,91,43,1-7-11-7,0.630385,
Reliability,CF1101,CF1100,2026-09-01 15:33:26.000Z,Cenfire,CENV-V-056-SPLIT1-w0085,Production,Inline,OPERATOR,Test_Structures,PROBE08,PROBE08,38314101-001,25,11,7,2,7,92,43,2-7-11-7,137.63,
Reliability,CF1101,CF1100,2026-09-01 15:33:31.000Z,Cenfire,CENV-V-056-SPLIT1-w0085,Production,Inline,OPERATOR,Test_Structures,PROBE08,PROBE08,38314101-001,25,12,7,1,7,100,43,1-7-12-7,0.655202,
Reliability,CF1101,CF1100,2026-09-01 15:33:31.000Z,Cenfire,CENV-V-056-SPLIT1-w0085,Production,Inline,OPERATOR,Test_Structures,PROBE08,PROBE08,38314101-001,25,12,7,2,7,101,43,2-7-12-7,133.659,
Reliability,CF1101,CF1100,2026-09-01 15:33:35.000Z,Cenfire,CENV-V-056-SPLIT1-w0085,Production,Inline,OPERATOR,Test_Structures,PROBE08,PROBE08,38314101-001,25,13,7,1,7,109,43,1-7-13-7,0.678735,
Reliability,CF1101,CF1100,2026-09-01 15:33:35.000Z,Cenfire,CENV-V-056-SPLIT1-w0085,Production,Inline,OPERATOR,Test_Structures,PROBE08,PROBE08,38314101-001,25,13,7,2,7,110,43,2-7-13-7,4769.04,
Reliability,CF1101,CF1100,2026-09-01 15:33:40.000Z,Cenfire,CENV-V-056-SPLIT1-w0085,Production,Inline,OPERATOR,Test_Structures,PROBE08,PROBE08,38314101-001,25,14,7,1,7,118,43,1-7-14-7,0.70611,
Reliability,CF1101,CF1100,2026-09-01 15:33:40.000Z,Cenfire,CENV-V-056-SPLIT1-w0085,Production,Inline,OPERATOR,Test_Structures,PROBE08,PROBE08,38314101-001,25,14,7,2,7,119,43,2-7-14-7,24386.7,
Reliability,CF1101,CF1100,2026-09-01 15:33:45.000Z,Cenfire,CENV-V-056-SPLIT1-w0085,Production,Inline,OPERATOR,Test_Structures,PROBE08,PROBE08,38314101-001,25,2,8,1,7,10,50,1-7-2-8,0.66323,
Reliability,CF1101,CF1100,2026-09-01 15:33:45.000Z,Cenfire,CENV-V-056-SPLIT1-w0085,Production,Inline,OPERATOR,Test_Structures,PROBE08,PROBE08,38314101-001,25,2,8,2,7,11,50,2-7-2-8,224.861,
Reliability,CF1101,CF1100,2026-09-01 15:33:50.000Z,Cenfire,CENV-V-056-SPLIT1-w0085,Production,Inline,OPERATOR,Test_Structures,PROBE08,PROBE08,38314101-001,25,3,8,1,7,19,50,1-7-3-8,0.637269,
Reliability,CF1101,CF1100,2026-09-01 15:33:50.000Z,Cenfire,CENV-V-056-SPLIT1-w0085,Production,Inline,OPERATOR,Test_Structures,PROBE08,PROBE08,38314101-001,25,3,8,2,7,20,50,2-7-3-8,139.108,
Reliability,CF1101,CF1100,2026-09-01 15:33:54.000Z,Cenfire,CENV-V-056-SPLIT1-w0085,Production,Inline,OPERATOR,Test_Structures,PROBE08,PROBE08,38314101-001,25,4,8,1,7,28,50,1-7-4-8,0.614762,
Reliability,CF1101,CF1100,2026-09-01 15:33:54.000Z,Cenfire,CENV-V-056-SPLIT1-w0085,Production,Inline,OPERATOR,Test_Structures,PROBE08,PROBE08,38314101-001,25,4,8,2,7,29,50,2-7-4-8,136.689,
Reliability,CF1101,CF1100,2026-09-01 15:33:59.000Z,Cenfire,CENV-V-056-SPLIT1-w0085,Production,Inline,OPERATOR,Test_Structures,PROBE08,PROBE08,38314101-001,25,5,8,1,7,37,50,1-7-5-8,0.608714,
Reliability,CF1101,CF1100,2026-09-01 15:33:59.000Z,Cenfire,CENV-V-056-SPLIT1-w0085,Production,Inline,OPERATOR,Test_Structures,PROBE08,PROBE08,38314101-001,25,5,8,2,7,38,50,2-7-5-8,79.6049,
Reliability,CF1101,CF1100,2026-09-01 15:34:04.000Z,Cenfire,CENV-V-056-SPLIT1-w0085,Production,Inline,OPERATOR,Test_Structures,PROBE08,PROBE08,38314101-001,25,6,8,1,7,46,50,1-7-6-8,0.606986,
Reliability,CF1101,CF1100,2026-09-01 15:34:04.000Z,Cenfire,CENV-V-056-SPLIT1-w0085,Production,Inline,OPERATOR,Test_Structures,PROBE08,PROBE08,38314101-001,25,6,8,2,7,47,50,2-7-6-8,135.722,
Reliability,CF1101,CF1100,2026-09-01 15:34:08.000Z,Cenfire,CENV-V-056-SPLIT1-w0085,Production,Inline,OPERATOR,Test_Structures,PROBE08,PROBE08,38314101-001,25,7,8,1,7,55,50,1-7-7-8,0.611114,
Reliability,CF1101,CF1100,2026-09-01 15:34:08.000Z,Cenfire,CENV-V-056-SPLIT1-w0085,Production,Inline,OPERATOR,Test_Structures,PROBE08,PROBE08,38314101-001,25,7,8,2,7,56,50,2-7-7-8,132.94,
Reliability,CF1101,CF1100,2026-09-01 15:34:13.000Z,Cenfire,CENV-V-056-SPLIT1-w0085,Production,Inline,OPERATOR,Test_Structures,PROBE08,PROBE08,38314101-001,25,8,8,1,7,64,50,1-7-8-8,0.615784,
Reliability,CF1101,CF1100,2026-09-01 15:34:13.000Z,Cenfire,CENV-V-056-SPLIT1-w0085,Production,Inline,OPERATOR,Test_Structures,PROBE08,PROBE08,38314101-001,25,8,8,2,7,65,50,2-7-8-8,135.713,
Reliability,CF1101,CF1100,2026-09-01 15:34:18.000Z,Cenfire,CENV-V-056-SPLIT1-w0085,Production,Inline,OPERATOR,Test_Structures,PROBE08,PROBE08,38314101-001,25,9,8,1,7,73,50,1-7-9-8,0.609475,
Reliability,CF1101,CF1100,2026-09-01 15:34:18.000Z,Cenfire,CENV-V-056-SPLIT1-w0085,Production,Inline,OPERATOR,Test_Structures,PROBE08,PROBE08,38314101-001,25,9,8,2,7,74,50,2-7-9-8,136.488,
Reliability,CF1101,CF1100,2026-09-01 15:34:22.000Z,Cenfire,CENV-V-056-SPLIT1-w0085,Production,Inline,OPERATOR,Test_Structures,PROBE08,PROBE08,38314101-001,25,10,8,1,7,82,50,1-7-10-8,0.611278,
Reliability,CF1101,CF1100,2026-09-01 15:34:22.000Z,Cenfire,CENV-V-056-SPLIT1-w0085,Production,Inline,OPERATOR,Test_Structures,PROBE08,PROBE08,38314101-001,25,10,8,2,7,83,50,2-7-10-8,134.072,
Reliability,CF1101,CF1100,2026-09-01 15:34:27.000Z,Cenfire,CENV-V-056-SPLIT1-w0085,Production,Inline,OPERATOR,Test_Structures,PROBE08,PROBE08,38314101-001,25,11,8,1,7,91,50,1-7-11-8,0.622228,
Reliability,CF1101,CF1100,2026-09-01 15:34:27.000Z,Cenfire,CENV-V-056-SPLIT1-w0085,Production,Inline,OPERATOR,Test_Structures,PROBE08,PROBE08,38314101-001,25,11,8,2,7,92,50,2-7-11-8,137.425,
Reliability,CF1101,CF1100,2026-09-01 15:34:32.000Z,Cenfire,CENV-V-056-SPLIT1-w0085,Production,Inline,OPERATOR,Test_Structures,PROBE08,PROBE08,38314101-001,25,12,8,1,7,100,50,1-7-12-8,0.644649,
Reliability,CF1101,CF1100,2026-09-01 15:34:32.000Z,Cenfire,CENV-V-056-SPLIT1-w0085,Production,Inline,OPERATOR,Test_Structures,PROBE08,PROBE08,38314101-001,25,12,8,2,7,101,50,2-7-12-8,142.102,
Reliability,CF1101,CF1100,2026-09-01 15:34:36.000Z,Cenfire,CENV-V-056-SPLIT1-w0085,Production,Inline,OPERATOR,Test_Structures,PROBE08,PROBE08,38314101-001,25,13,8,1,7,109,50,1-7-13-8,0.670458,
Reliability,CF1101,CF1100,2026-09-01 15:34:36.000Z,Cenfire,CENV-V-056-SPLIT1-w0085,Production,Inline,OPERATOR,Test_Structures,PROBE08,PROBE08,38314101-001,25,13,8,2,7,110,50,2-7-13-8,12.0042,
Reliability,CF1101,CF1100,2026-09-01 15:34:41.000Z,Cenfire,CENV-V-056-SPLIT1-w0085,Production,Inline,OPERATOR,Test_Structures,PROBE08,PROBE08,38314101-001,25,14,8,1,7,118,50,1-7-14-8,0.699257,
Reliability,CF1101,CF1100,2026-09-01 15:34:41.000Z,Cenfire,CENV-V-056-SPLIT1-w0085,Production,Inline,OPERATOR,Test_Structures,PROBE08,PROBE08,38314101-001,25,14,8,2,7,119,50,2-7-14-8,47.4717,
Reliability,CF1101,CF1100,2026-09-01 15:34:46.000Z,Cenfire,CENV-V-056-SPLIT1-w0085,Production,Inline,OPERATOR,Test_Structures,PROBE08,PROBE08,38314101-001,25,1,9,1,7,1,57,1-7-1-9,0.673239,
Reliability,CF1101,CF1100,2026-09-01 15:34:46.000Z,Cenfire,CENV-V-056-SPLIT1-w0085,Production,Inline,OPERATOR,Test_Structures,PROBE08,PROBE08,38314101-001,25,1,9,2,7,2,57,2-7-1-9,490.584,
Reliability,CF1101,CF1100,2026-09-01 15:34:51.000Z,Cenfire,CENV-V-056-SPLIT1-w0085,Production,Inline,OPERATOR,Test_Structures,PROBE08,PROBE08,38314101-001,25,2,9,1,7,10,57,1-7-2-9,0.651282,
Reliability,CF1101,CF1100,2026-09-01 15:34:51.000Z,Cenfire,CENV-V-056-SPLIT1-w0085,Production,Inline,OPERATOR,Test_Structures,PROBE08,PROBE08,38314101-001,25,2,9,2,7,11,57,2-7-2-9,3.23065,
Reliability,CF1101,CF1100,2026-09-01 15:34:56.000Z,Cenfire,CENV-V-056-SPLIT1-w0085,Production,Inline,OPERATOR,Test_Structures,PROBE08,PROBE08,38314101-001,25,3,9,1,7,19,57,1-7-3-9,0.624153,
Reliability,CF1101,CF1100,2026-09-01 15:34:56.000Z,Cenfire,CENV-V-056-SPLIT1-w0085,Production,Inline,OPERATOR,Test_Structures,PROBE08,PROBE08,38314101-001,25,3,9,2,7,20,57,2-7-3-9,138.379,
Reliability,CF1101,CF1100,2026-09-01 15:35:00.000Z,Cenfire,CENV-V-056-SPLIT1-w0085,Production,Inline,OPERATOR,Test_Structures,PROBE08,PROBE08,38314101-001,25,4,9,1,7,28,57,1-7-4-9,0.607383,
Reliability,CF1101,CF1100,2026-09-01 15:35:00.000Z,Cenfire,CENV-V-056-SPLIT1-w0085,Production,Inline,OPERATOR,Test_Structures,PROBE08,PROBE08,38314101-001,25,4,9,2,7,29,57,2-7-4-9,133.973,
Reliability,CF1101,CF1100,2026-09-01 15:35:05.000Z,Cenfire,CENV-V-056-SPLIT1-w0085,Production,Inline,OPERATOR,Test_Structures,PROBE08,PROBE08,38314101-001,25,5,9,1,7,37,57,1-7-5-9,0.603602,
Reliability,CF1101,CF1100,2026-09-01 15:35:05.000Z,Cenfire,CENV-V-056-SPLIT1-w0085,Production,Inline,OPERATOR,Test_Structures,PROBE08,PROBE08,38314101-001,25,5,9,2,7,38,57,2-7-5-9,135.174,
Reliability,CF1101,CF1100,2026-09-01 15:35:10.000Z,Cenfire,CENV-V-056-SPLIT1-w0085,Production,Inline,OPERATOR,Test_Structures,PROBE08,PROBE08,38314101-001,25,6,9,1,7,46,57,1-7-6-9,0.612937,
Reliability,CF1101,CF1100,2026-09-01 15:35:10.000Z,Cenfire,CENV-V-056-SPLIT1-w0085,Production,Inline,OPERATOR,Test_Structures,PROBE08,PROBE08,38314101-001,25,6,9,2,7,47,57,2-7-6-9,134.612,
Reliability,CF1101,CF1100,2026-09-01 15:35:14.000Z,Cenfire,CENV-V-056-SPLIT1-w0085,Production,Inline,OPERATOR,Test_Structures,PROBE08,PROBE08,38314101-001,25,7,9,1,7,55,57,1-7-7-9,0.624463,
Reliability,CF1101,CF1100,2026-09-01 15:35:14.000Z,Cenfire,CENV-V-056-SPLIT1-w0085,Production,Inline,OPERATOR,Test_Structures,PROBE08,PROBE08,38314101-001,25,7,9,2,7,56,57,2-7-7-9,132.609,
Reliability,CF1101,CF1100,2026-09-01 15:35:19.000Z,Cenfire,CENV-V-056-SPLIT1-w0085,Production,Inline,OPERATOR,Test_Structures,PROBE08,PROBE08,38314101-001,25,8,9,1,7,64,57,1-7-8-9,0.626931,
Reliability,CF1101,CF1100,2026-09-01 15:35:19.000Z,Cenfire,CENV-V-056-SPLIT1-w0085,Production,Inline,OPERATOR,Test_Structures,PROBE08,PROBE08,38314101-001,25,8,9,2,7,65,57,2-7-8-9,132.106,
Reliability,CF1101,CF1100,2026-09-01 15:35:24.000Z,Cenfire,CENV-V-056-SPLIT1-w0085,Production,Inline,OPERATOR,Test_Structures,PROBE08,PROBE08,38314101-001,25,9,9,1,7,73,57,1-7-9-9,0.613889,
Reliability,CF1101,CF1100,2026-09-01 15:35:24.000Z,Cenfire,CENV-V-056-SPLIT1-w0085,Production,Inline,OPERATOR,Test_Structures,PROBE08,PROBE08,38314101-001,25,9,9,2,7,74,57,2-7-9-9,131.899,
Reliability,CF1101,CF1100,2026-09-01 15:35:28.000Z,Cenfire,CENV-V-056-SPLIT1-w0085,Production,Inline,OPERATOR,Test_Structures,PROBE08,PROBE08,38314101-001,25,10,9,1,7,82,57,1-7-10-9,0.608826,
Reliability,CF1101,CF1100,2026-09-01 15:35:28.000Z,Cenfire,CENV-V-056-SPLIT1-w0085,Production,Inline,OPERATOR,Test_Structures,PROBE08,PROBE08,38314101-001,25,10,9,2,7,83,57,2-7-10-9,136.175,
Reliability,CF1101,CF1100,2026-09-01 15:35:33.000Z,Cenfire,CENV-V-056-SPLIT1-w0085,Production,Inline,OPERATOR,Test_Structures,PROBE08,PROBE08,38314101-001,25,11,9,1,7,91,57,1-7-11-9,0.61521,
Reliability,CF1101,CF1100,2026-09-01 15:35:33.000Z,Cenfire,CENV-V-056-SPLIT1-w0085,Production,Inline,OPERATOR,Test_Structures,PROBE08,PROBE08,38314101-001,25,11,9,2,7,92,57,2-7-11-9,134.73,
Reliability,CF1101,CF1100,2026-09-01 15:35:38.000Z,Cenfire,CENV-V-056-SPLIT1-w0085,Production,Inline,OPERATOR,Test_Structures,PROBE08,PROBE08,38314101-001,25,12,9,1,7,100,57,1-7-12-9,0.637906,
Reliability,CF1101,CF1100,2026-09-01 15:35:38.000Z,Cenfire,CENV-V-056-SPLIT1-w0085,Production,Inline,OPERATOR,Test_Structures,PROBE08,PROBE08,38314101-001,25,12,9,2,7,101,57,2-7-12-9,139.889,
Reliability,CF1101,CF1100,2026-09-01 15:35:42.000Z,Cenfire,CENV-V-056-SPLIT1-w0085,Production,Inline,OPERATOR,Test_Structures,PROBE08,PROBE08,38314101-001,25,13,9,1,7,109,57,1-7-13-9,0.659542,
Reliability,CF1101,CF1100,2026-09-01 15:35:42.000Z,Cenfire,CENV-V-056-SPLIT1-w0085,Production,Inline,OPERATOR,Test_Structures,PROBE08,PROBE08,38314101-001,25,13,9,2,7,110,57,2-7-13-9,0.226061,
Reliability,CF1101,CF1100,2026-09-01 15:35:47.000Z,Cenfire,CENV-V-056-SPLIT1-w0085,Production,Inline,OPERATOR,Test_Structures,PROBE08,PROBE08,38314101-001,25,14,9,1,7,118,57,1-7-14-9,0.692348,
Reliability,CF1101,CF1100,2026-09-01 15:35:47.000Z,Cenfire,CENV-V-056-SPLIT1-w0085,Production,Inline,OPERATOR,Test_Structures,PROBE08,PROBE08,38314101-001,25,14,9,2,7,119,57,2-7-14-9,147.736,
Reliability,CF1101,CF1100,2026-09-01 15:35:52.000Z,Cenfire,CENV-V-056-SPLIT1-w0085,Production,Inline,OPERATOR,Test_Structures,PROBE08,PROBE08,38314101-001,25,1,10,1,7,1,64,1-7-1-10,0.666525,
Reliability,CF1101,CF1100,2026-09-01 15:35:52.000Z,Cenfire,CENV-V-056-SPLIT1-w0085,Production,Inline,OPERATOR,Test_Structures,PROBE08,PROBE08,38314101-001,25,1,10,2,7,2,64,2-7-1-10,604.969,
Reliability,CF1101,CF1100,2026-09-01 15:35:57.000Z,Cenfire,CENV-V-056-SPLIT1-w0085,Production,Inline,OPERATOR,Test_Structures,PROBE08,PROBE08,38314101-001,25,2,10,1,7,10,64,1-7-2-10,0.646599,
Reliability,CF1101,CF1100,2026-09-01 15:35:57.000Z,Cenfire,CENV-V-056-SPLIT1-w0085,Production,Inline,OPERATOR,Test_Structures,PROBE08,PROBE08,38314101-001,25,2,10,2,7,11,64,2-7-2-10,0.82037,
Reliability,CF1101,CF1100,2026-09-01 15:36:02.000Z,Cenfire,CENV-V-056-SPLIT1-w0085,Production,Inline,OPERATOR,Test_Structures,PROBE08,PROBE08,38314101-001,25,3,10,1,7,19,64,1-7-3-10,0.623724,
Reliability,CF1101,CF1100,2026-09-01 15:36:02.000Z,Cenfire,CENV-V-056-SPLIT1-w0085,Production,Inline,OPERATOR,Test_Structures,PROBE08,PROBE08,38314101-001,25,3,10,2,7,20,64,2-7-3-10,0.746445,
Reliability,CF1101,CF1100,2026-09-01 15:36:06.000Z,Cenfire,CENV-V-056-SPLIT1-w0085,Production,Inline,OPERATOR,Test_Structures,PROBE08,PROBE08,38314101-001,25,4,10,1,7,28,64,1-7-4-10,0.607872,
Reliability,CF1101,CF1100,2026-09-01 15:36:06.000Z,Cenfire,CENV-V-056-SPLIT1-w0085,Production,Inline,OPERATOR,Test_Structures,PROBE08,PROBE08,38314101-001,25,4,10,2,7,29,64,2-7-4-10,134.548,
Reliability,CF1101,CF1100,2026-09-01 15:36:11.000Z,Cenfire,CENV-V-056-SPLIT1-w0085,Production,Inline,OPERATOR,Test_Structures,PROBE08,PROBE08,38314101-001,25,5,10,1,7,37,64,1-7-5-10,0.603864,
Reliability,CF1101,CF1100,2026-09-01 15:36:11.000Z,Cenfire,CENV-V-056-SPLIT1-w0085,Production,Inline,OPERATOR,Test_Structures,PROBE08,PROBE08,38314101-001,25,5,10,2,7,38,64,2-7-5-10,132.813,
Reliability,CF1101,CF1100,2026-09-01 15:36:16.000Z,Cenfire,CENV-V-056-SPLIT1-w0085,Production,Inline,OPERATOR,Test_Structures,PROBE08,PROBE08,38314101-001,25,6,10,1,7,46,64,1-7-6-10,0.619193,
Reliability,CF1101,CF1100,2026-09-01 15:36:16.000Z,Cenfire,CENV-V-056-SPLIT1-w0085,Production,Inline,OPERATOR,Test_Structures,PROBE08,PROBE08,38314101-001,25,6,10,2,7,47,64,2-7-6-10,132.42,
Reliability,CF1101,CF1100,2026-09-01 15:36:20.000Z,Cenfire,CENV-V-056-SPLIT1-w0085,Production,Inline,OPERATOR,Test_Structures,PROBE08,PROBE08,38314101-001,25,7,10,1,7,55,64,1-7-7-10,0.639611,
Reliability,CF1101,CF1100,2026-09-01 15:36:20.000Z,Cenfire,CENV-V-056-SPLIT1-w0085,Production,Inline,OPERATOR,Test_Structures,PROBE08,PROBE08,38314101-001,25,7,10,2,7,56,64,2-7-7-10,132.668,
Reliability,CF1101,CF1100,2026-09-01 15:36:25.000Z,Cenfire,CENV-V-056-SPLIT1-w0085,Production,Inline,OPERATOR,Test_Structures,PROBE08,PROBE08,38314101-001,25,8,10,1,7,64,64,1-7-8-10,0.635814,
Reliability,CF1101,CF1100,2026-09-01 15:36:25.000Z,Cenfire,CENV-V-056-SPLIT1-w0085,Production,Inline,OPERATOR,Test_Structures,PROBE08,PROBE08,38314101-001,25,8,10,2,7,65,64,2-7-8-10,133.637,
Reliability,CF1101,CF1100,2026-09-01 15:36:30.000Z,Cenfire,CENV-V-056-SPLIT1-w0085,Production,Inline,OPERATOR,Test_Structures,PROBE08,PROBE08,38314101-001,25,9,10,1,7,73,64,1-7-9-10,0.621588,
Reliability,CF1101,CF1100,2026-09-01 15:36:30.000Z,Cenfire,CENV-V-056-SPLIT1-w0085,Production,Inline,OPERATOR,Test_Structures,PROBE08,PROBE08,38314101-001,25,9,10,2,7,74,64,2-7-9-10,133.101,
Reliability,CF1101,CF1100,2026-09-01 15:36:34.000Z,Cenfire,CENV-V-056-SPLIT1-w0085,Production,Inline,OPERATOR,Test_Structures,PROBE08,PROBE08,38314101-001,25,10,10,1,7,82,64,1-7-10-10,0.608334,
Reliability,CF1101,CF1100,2026-09-01 15:36:34.000Z,Cenfire,CENV-V-056-SPLIT1-w0085,Production,Inline,OPERATOR,Test_Structures,PROBE08,PROBE08,38314101-001,25,10,10,2,7,83,64,2-7-10-10,131.556,
Reliability,CF1101,CF1100,2026-09-01 15:36:39.000Z,Cenfire,CENV-V-056-SPLIT1-w0085,Production,Inline,OPERATOR,Test_Structures,PROBE08,PROBE08,38314101-001,25,11,10,1,7,91,64,1-7-11-10,0.610183,
Reliability,CF1101,CF1100,2026-09-01 15:36:39.000Z,Cenfire,CENV-V-056-SPLIT1-w0085,Production,Inline,OPERATOR,Test_Structures,PROBE08,PROBE08,38314101-001,25,11,10,2,7,92,64,2-7-11-10,136.641,
Reliability,CF1101,CF1100,2026-09-01 15:36:44.000Z,Cenfire,CENV-V-056-SPLIT1-w0085,Production,Inline,OPERATOR,Test_Structures,PROBE08,PROBE08,38314101-001,25,12,10,1,7,100,64,1-7-12-10,0.630064,
Reliability,CF1101,CF1100,2026-09-01 15:36:44.000Z,Cenfire,CENV-V-056-SPLIT1-w0085,Production,Inline,OPERATOR,Test_Structures,PROBE08,PROBE08,38314101-001,25,12,10,2,7,101,64,2-7-12-10,139.188,
Reliability,CF1101,CF1100,2026-09-01 15:36:48.000Z,Cenfire,CENV-V-056-SPLIT1-w0085,Production,Inline,OPERATOR,Test_Structures,PROBE08,PROBE08,38314101-001,25,13,10,1,7,109,64,1-7-13-10,0.65854,
Reliability,CF1101,CF1100,2026-09-01 15:36:48.000Z,Cenfire,CENV-V-056-SPLIT1-w0085,Production,Inline,OPERATOR,Test_Structures,PROBE08,PROBE08,38314101-001,25,13,10,2,7,110,64,2-7-13-10,101.709,
Reliability,CF1101,CF1100,2026-09-01 15:36:53.000Z,Cenfire,CENV-V-056-SPLIT1-w0085,Production,Inline,OPERATOR,Test_Structures,PROBE08,PROBE08,38314101-001,25,14,10,1,7,118,64,1-7-14-10,0.681795,
Reliability,CF1101,CF1100,2026-09-01 15:36:53.000Z,Cenfire,CENV-V-056-SPLIT1-w0085,Production,Inline,OPERATOR,Test_Structures,PROBE08,PROBE08,38314101-001,25,14,10,2,7,119,64,2-7-14-10,147.343,
Reliability,CF1101,CF1100,2026-09-01 15:36:58.000Z,Cenfire,CENV-V-056-SPLIT1-w0085,Production,Inline,OPERATOR,Test_Structures,PROBE08,PROBE08,38314101-001,25,15,10,1,7,127,64,1-7-15-10,0.8455,
Reliability,CF1101,CF1100,2026-09-01 15:37:01.000Z,Cenfire,CENV-V-056-SPLIT1-w0085,Production,Inline,OPERATOR,Test_Structures,PROBE08,PROBE08,38314101-001,25,1,11,1,7,1,71,1-7-1-11,0.681293,
Reliability,CF1101,CF1100,2026-09-01 15:37:01.000Z,Cenfire,CENV-V-056-SPLIT1-w0085,Production,Inline,OPERATOR,Test_Structures,PROBE08,PROBE08,38314101-001,25,1,11,2,7,2,71,2-7-1-11,0.132585,
Reliability,CF1101,CF1100,2026-09-01 15:37:06.000Z,Cenfire,CENV-V-056-SPLIT1-w0085,Production,Inline,OPERATOR,Test_Structures,PROBE08,PROBE08,38314101-001,25,2,11,1,7,10,71,1-7-2-11,0.660318,
Reliability,CF1101,CF1100,2026-09-01 15:37:06.000Z,Cenfire,CENV-V-056-SPLIT1-w0085,Production,Inline,OPERATOR,Test_Structures,PROBE08,PROBE08,38314101-001,25,2,11,2,7,11,71,2-7-2-11,0.979156,
Reliability,CF1101,CF1100,2026-09-01 15:37:10.000Z,Cenfire,CENV-V-056-SPLIT1-w0085,Production,Inline,OPERATOR,Test_Structures,PROBE08,PROBE08,38314101-001,25,3,11,1,7,19,71,1-7-3-11,0.618705,
Reliability,CF1101,CF1100,2026-09-01 15:37:10.000Z,Cenfire,CENV-V-056-SPLIT1-w0085,Production,Inline,OPERATOR,Test_Structures,PROBE08,PROBE08,38314101-001,25,3,11,2,7,20,71,2-7-3-11,0.890932,
Reliability,CF1101,CF1100,2026-09-01 15:37:15.000Z,Cenfire,CENV-V-056-SPLIT1-w0085,Production,Inline,OPERATOR,Test_Structures,PROBE08,PROBE08,38314101-001,25,4,11,1,7,28,71,1-7-4-11,0.60642,
Reliability,CF1101,CF1100,2026-09-01 15:37:15.000Z,Cenfire,CENV-V-056-SPLIT1-w0085,Production,Inline,OPERATOR,Test_Structures,PROBE08,PROBE08,38314101-001,25,4,11,2,7,29,71,2-7-4-11,135.27,
Reliability,CF1101,CF1100,2026-09-01 15:37:20.000Z,Cenfire,CENV-V-056-SPLIT1-w0085,Production,Inline,OPERATOR,Test_Structures,PROBE08,PROBE08,38314101-001,25,5,11,1,7,37,71,1-7-5-11,0.60558,
Reliability,CF1101,CF1100,2026-09-01 15:37:20.000Z,Cenfire,CENV-V-056-SPLIT1-w0085,Production,Inline,OPERATOR,Test_Structures,PROBE08,PROBE08,38314101-001,25,5,11,2,7,38,71,2-7-5-11,133.907,
Reliability,CF1101,CF1100,2026-09-01 15:37:24.000Z,Cenfire,CENV-V-056-SPLIT1-w0085,Production,Inline,OPERATOR,Test_Structures,PROBE08,PROBE08,38314101-001,25,6,11,1,7,46,71,1-7-6-11,0.621748,
Reliability,CF1101,CF1100,2026-09-01 15:37:24.000Z,Cenfire,CENV-V-056-SPLIT1-w0085,Production,Inline,OPERATOR,Test_Structures,PROBE08,PROBE08,38314101-001,25,6,11,2,7,47,71,2-7-6-11,132.472,
Reliability,CF1101,CF1100,2026-09-01 15:37:29.000Z,Cenfire,CENV-V-056-SPLIT1-w0085,Production,Inline,OPERATOR,Test_Structures,PROBE08,PROBE08,38314101-001,25,7,11,1,7,55,71,1-7-7-11,0.634276,
Reliability,CF1101,CF1100,2026-09-01 15:37:29.000Z,Cenfire,CENV-V-056-SPLIT1-w0085,Production,Inline,OPERATOR,Test_Structures,PROBE08,PROBE08,38314101-001,25,7,11,2,7,56,71,2-7-7-11,132.566,
Reliability,CF1101,CF1100,2026-09-01 15:37:34.000Z,Cenfire,CENV-V-056-SPLIT1-w0085,Production,Inline,OPERATOR,Test_Structures,PROBE08,PROBE08,38314101-001,25,8,11,1,7,64,71,1-7-8-11,0.636763,
Reliability,CF1101,CF1100,2026-09-01 15:37:34.000Z,Cenfire,CENV-V-056-SPLIT1-w0085,Production,Inline,OPERATOR,Test_Structures,PROBE08,PROBE08,38314101-001,25,8,11,2,7,65,71,2-7-8-11,129.844,
Reliability,CF1101,CF1100,2026-09-01 15:37:38.000Z,Cenfire,CENV-V-056-SPLIT1-w0085,Production,Inline,OPERATOR,Test_Structures,PROBE08,PROBE08,38314101-001,25,9,11,1,7,73,71,1-7-9-11,0.623131,
Reliability,CF1101,CF1100,2026-09-01 15:37:38.000Z,Cenfire,CENV-V-056-SPLIT1-w0085,Production,Inline,OPERATOR,Test_Structures,PROBE08,PROBE08,38314101-001,25,9,11,2,7,74,71,2-7-9-11,127.949,
Reliability,CF1101,CF1100,2026-09-01 15:37:43.000Z,Cenfire,CENV-V-056-SPLIT1-w0085,Production,Inline,OPERATOR,Test_Structures,PROBE08,PROBE08,38314101-001,25,10,11,1,7,82,71,1-7-10-11,0.605706,
Reliability,CF1101,CF1100,2026-09-01 15:37:43.000Z,Cenfire,CENV-V-056-SPLIT1-w0085,Production,Inline,OPERATOR,Test_Structures,PROBE08,PROBE08,38314101-001,25,10,11,2,7,83,71,2-7-10-11,133.679,
Reliability,CF1101,CF1100,2026-09-01 15:37:48.000Z,Cenfire,CENV-V-056-SPLIT1-w0085,Production,Inline,OPERATOR,Test_Structures,PROBE08,PROBE08,38314101-001,25,11,11,1,7,91,71,1-7-11-11,0.607377,
Reliability,CF1101,CF1100,2026-09-01 15:37:48.000Z,Cenfire,CENV-V-056-SPLIT1-w0085,Production,Inline,OPERATOR,Test_Structures,PROBE08,PROBE08,38314101-001,25,11,11,2,7,92,71,2-7-11-11,135.253,
Reliability,CF1101,CF1100,2026-09-01 15:37:52.000Z,Cenfire,CENV-V-056-SPLIT1-w0085,Production,Inline,OPERATOR,Test_Structures,PROBE08,PROBE08,38314101-001,25,12,11,1,7,100,71,1-7-12-11,0.628492,
Reliability,CF1101,CF1100,2026-09-01 15:37:52.000Z,Cenfire,CENV-V-056-SPLIT1-w0085,Production,Inline,OPERATOR,Test_Structures,PROBE08,PROBE08,38314101-001,25,12,11,2,7,101,71,2-7-12-11,139.166,
Reliability,CF1101,CF1100,2026-09-01 15:37:57.000Z,Cenfire,CENV-V-056-SPLIT1-w0085,Production,Inline,OPERATOR,Test_Structures,PROBE08,PROBE08,38314101-001,25,13,11,1,7,109,71,1-7-13-11,0.652243,
Reliability,CF1101,CF1100,2026-09-01 15:37:57.000Z,Cenfire,CENV-V-056-SPLIT1-w0085,Production,Inline,OPERATOR,Test_Structures,PROBE08,PROBE08,38314101-001,25,13,11,2,7,110,71,2-7-13-11,7.47922,
Reliability,CF1101,CF1100,2026-09-01 15:38:02.000Z,Cenfire,CENV-V-056-SPLIT1-w0085,Production,Inline,OPERATOR,Test_Structures,PROBE08,PROBE08,38314101-001,25,14,11,1,7,118,71,1-7-14-11,0.685694,
Reliability,CF1101,CF1100,2026-09-01 15:38:02.000Z,Cenfire,CENV-V-056-SPLIT1-w0085,Production,Inline,OPERATOR,Test_Structures,PROBE08,PROBE08,38314101-001,25,14,11,2,7,119,71,2-7-14-11,143.773,
Reliability,CF1101,CF1100,2026-09-01 15:38:06.000Z,Cenfire,CENV-V-056-SPLIT1-w0085,Production,Inline,OPERATOR,Test_Structures,PROBE08,PROBE08,38314101-001,25,15,11,1,7,127,71,1-7-15-11,0.843,
Reliability,CF1101,CF1100,2026-09-01 15:38:10.000Z,Cenfire,CENV-V-056-SPLIT1-w0085,Production,Inline,OPERATOR,Test_Structures,PROBE08,PROBE08,38314101-001,25,2,12,1,7,10,78,1-7-2-12,0.647125,
Reliability,CF1101,CF1100,2026-09-01 15:38:10.000Z,Cenfire,CENV-V-056-SPLIT1-w0085,Production,Inline,OPERATOR,Test_Structures,PROBE08,PROBE08,38314101-001,25,2,12,2,7,11,78,2-7-2-12,0.686746,
Reliability,CF1101,CF1100,2026-09-01 15:38:14.000Z,Cenfire,CENV-V-056-SPLIT1-w0085,Production,Inline,OPERATOR,Test_Structures,PROBE08,PROBE08,38314101-001,25,3,12,1,7,19,78,1-7-3-12,0.623196,
Reliability,CF1101,CF1100,2026-09-01 15:38:14.000Z,Cenfire,CENV-V-056-SPLIT1-w0085,Production,Inline,OPERATOR,Test_Structures,PROBE08,PROBE08,38314101-001,25,3,12,2,7,20,78,2-7-3-12,0.2822,
Reliability,CF1101,CF1100,2026-09-01 15:38:19.000Z,Cenfire,CENV-V-056-SPLIT1-w0085,Production,Inline,OPERATOR,Test_Structures,PROBE08,PROBE08,38314101-001,25,4,12,1,7,28,78,1-7-4-12,0.6113,
Reliability,CF1101,CF1100,2026-09-01 15:38:19.000Z,Cenfire,CENV-V-056-SPLIT1-w0085,Production,Inline,OPERATOR,Test_Structures,PROBE08,PROBE08,38314101-001,25,4,12,2,7,29,78,2-7-4-12,135.326,
Reliability,CF1101,CF1100,2026-09-01 15:38:24.000Z,Cenfire,CENV-V-056-SPLIT1-w0085,Production,Inline,OPERATOR,Test_Structures,PROBE08,PROBE08,38314101-001,25,5,12,1,7,37,78,1-7-5-12,0.605131,
Reliability,CF1101,CF1100,2026-09-01 15:38:24.000Z,Cenfire,CENV-V-056-SPLIT1-w0085,Production,Inline,OPERATOR,Test_Structures,PROBE08,PROBE08,38314101-001,25,5,12,2,7,38,78,2-7-5-12,130.894,
Reliability,CF1101,CF1100,2026-09-01 15:38:29.000Z,Cenfire,CENV-V-056-SPLIT1-w0085,Production,Inline,OPERATOR,Test_Structures,PROBE08,PROBE08,38314101-001,25,6,12,1,7,46,78,1-7-6-12,0.614882,
Reliability,CF1101,CF1100,2026-09-01 15:38:29.000Z,Cenfire,CENV-V-056-SPLIT1-w0085,Production,Inline,OPERATOR,Test_Structures,PROBE08,PROBE08,38314101-001,25,6,12,2,7,47,78,2-7-6-12,130.182,
Reliability,CF1101,CF1100,2026-09-01 15:38:33.000Z,Cenfire,CENV-V-056-SPLIT1-w0085,Production,Inline,OPERATOR,Test_Structures,PROBE08,PROBE08,38314101-001,25,7,12,1,7,55,78,1-7-7-12,0.622611,
Reliability,CF1101,CF1100,2026-09-01 15:38:33.000Z,Cenfire,CENV-V-056-SPLIT1-w0085,Production,Inline,OPERATOR,Test_Structures,PROBE08,PROBE08,38314101-001,25,7,12,2,7,56,78,2-7-7-12,129.671,
Reliability,CF1101,CF1100,2026-09-01 15:38:38.000Z,Cenfire,CENV-V-056-SPLIT1-w0085,Production,Inline,OPERATOR,Test_Structures,PROBE08,PROBE08,38314101-001,25,8,12,1,7,64,78,1-7-8-12,0.631292,
Reliability,CF1101,CF1100,2026-09-01 15:38:38.000Z,Cenfire,CENV-V-056-SPLIT1-w0085,Production,Inline,OPERATOR,Test_Structures,PROBE08,PROBE08,38314101-001,25,8,12,2,7,65,78,2-7-8-12,128.115,
Reliability,CF1101,CF1100,2026-09-01 15:38:43.000Z,Cenfire,CENV-V-056-SPLIT1-w0085,Production,Inline,OPERATOR,Test_Structures,PROBE08,PROBE08,38314101-001,25,9,12,1,7,73,78,1-7-9-12,0.612876,
Reliability,CF1101,CF1100,2026-09-01 15:38:43.000Z,Cenfire,CENV-V-056-SPLIT1-w0085,Production,Inline,OPERATOR,Test_Structures,PROBE08,PROBE08,38314101-001,25,9,12,2,7,74,78,2-7-9-12,128.773,
Reliability,CF1101,CF1100,2026-09-01 15:38:47.000Z,Cenfire,CENV-V-056-SPLIT1-w0085,Production,Inline,OPERATOR,Test_Structures,PROBE08,PROBE08,38314101-001,25,10,12,1,7,82,78,1-7-10-12,0.606249,
Reliability,CF1101,CF1100,2026-09-01 15:38:47.000Z,Cenfire,CENV-V-056-SPLIT1-w0085,Production,Inline,OPERATOR,Test_Structures,PROBE08,PROBE08,38314101-001,25,10,12,2,7,83,78,2-7-10-12,128.784,
Reliability,CF1101,CF1100,2026-09-01 15:38:52.000Z,Cenfire,CENV-V-056-SPLIT1-w0085,Production,Inline,OPERATOR,Test_Structures,PROBE08,PROBE08,38314101-001,25,11,12,1,7,91,78,1-7-11-12,0.608353,
Reliability,CF1101,CF1100,2026-09-01 15:38:52.000Z,Cenfire,CENV-V-056-SPLIT1-w0085,Production,Inline,OPERATOR,Test_Structures,PROBE08,PROBE08,38314101-001,25,11,12,2,7,92,78,2-7-11-12,131.501,
Reliability,CF1101,CF1100,2026-09-01 15:38:57.000Z,Cenfire,CENV-V-056-SPLIT1-w0085,Production,Inline,OPERATOR,Test_Structures,PROBE08,PROBE08,38314101-001,25,12,12,1,7,100,78,1-7-12-12,0.627347,
Reliability,CF1101,CF1100,2026-09-01 15:38:57.000Z,Cenfire,CENV-V-056-SPLIT1-w0085,Production,Inline,OPERATOR,Test_Structures,PROBE08,PROBE08,38314101-001,25,12,12,2,7,101,78,2-7-12-12,134.426,
Reliability,CF1101,CF1100,2026-09-01 15:39:01.000Z,Cenfire,CENV-V-056-SPLIT1-w0085,Production,Inline,OPERATOR,Test_Structures,PROBE08,PROBE08,38314101-001,25,13,12,1,7,109,78,1-7-13-12,0.651935,
Reliability,CF1101,CF1100,2026-09-01 15:39:01.000Z,Cenfire,CENV-V-056-SPLIT1-w0085,Production,Inline,OPERATOR,Test_Structures,PROBE08,PROBE08,38314101-001,25,13,12,2,7,110,78,2-7-13-12,35.4526,
Reliability,CF1101,CF1100,2026-09-01 15:39:06.000Z,Cenfire,CENV-V-056-SPLIT1-w0085,Production,Inline,OPERATOR,Test_Structures,PROBE08,PROBE08,38314101-001,25,14,12,1,7,118,78,1-7-14-12,0.675328,
Reliability,CF1101,CF1100,2026-09-01 15:39:06.000Z,Cenfire,CENV-V-056-SPLIT1-w0085,Production,Inline,OPERATOR,Test_Structures,PROBE08,PROBE08,38314101-001,25,14,12,2,7,119,78,2-7-14-12,140.789,
Reliability,CF1101,CF1100,2026-09-01 15:39:11.000Z,Cenfire,CENV-V-056-SPLIT1-w0085,Production,Inline,OPERATOR,Test_Structures,PROBE08,PROBE08,38314101-001,25,2,13,1,7,10,85,1-7-2-13,0.651161,
Reliability,CF1101,CF1100,2026-09-01 15:39:11.000Z,Cenfire,CENV-V-056-SPLIT1-w0085,Production,Inline,OPERATOR,Test_Structures,PROBE08,PROBE08,38314101-001,25,2,13,2,7,11,85,2-7-2-13,892.274,
Reliability,CF1101,CF1100,2026-09-01 15:39:16.000Z,Cenfire,CENV-V-056-SPLIT1-w0085,Production,Inline,OPERATOR,Test_Structures,PROBE08,PROBE08,38314101-001,25,3,13,1,7,19,85,1-7-3-13,0.632498,
Reliability,CF1101,CF1100,2026-09-01 15:39:16.000Z,Cenfire,CENV-V-056-SPLIT1-w0085,Production,Inline,OPERATOR,Test_Structures,PROBE08,PROBE08,38314101-001,25,3,13,2,7,20,85,2-7-3-13,0.60021,
Reliability,CF1101,CF1100,2026-09-01 15:39:20.000Z,Cenfire,CENV-V-056-SPLIT1-w0085,Production,Inline,OPERATOR,Test_Structures,PROBE08,PROBE08,38314101-001,25,4,13,1,7,28,85,1-7-4-13,0.620279,
Reliability,CF1101,CF1100,2026-09-01 15:39:20.000Z,Cenfire,CENV-V-056-SPLIT1-w0085,Production,Inline,OPERATOR,Test_Structures,PROBE08,PROBE08,38314101-001,25,4,13,2,7,29,85,2-7-4-13,0.0989729,
Reliability,CF1101,CF1100,2026-09-01 15:39:25.000Z,Cenfire,CENV-V-056-SPLIT1-w0085,Production,Inline,OPERATOR,Test_Structures,PROBE08,PROBE08,38314101-001,25,5,13,1,7,37,85,1-7-5-13,0.603702,
Reliability,CF1101,CF1100,2026-09-01 15:39:25.000Z,Cenfire,CENV-V-056-SPLIT1-w0085,Production,Inline,OPERATOR,Test_Structures,PROBE08,PROBE08,38314101-001,25,5,13,2,7,38,85,2-7-5-13,129.188,
Reliability,CF1101,CF1100,2026-09-01 15:39:30.000Z,Cenfire,CENV-V-056-SPLIT1-w0085,Production,Inline,OPERATOR,Test_Structures,PROBE08,PROBE08,38314101-001,25,6,13,1,7,46,85,1-7-6-13,0.610412,
Reliability,CF1101,CF1100,2026-09-01 15:39:30.000Z,Cenfire,CENV-V-056-SPLIT1-w0085,Production,Inline,OPERATOR,Test_Structures,PROBE08,PROBE08,38314101-001,25,6,13,2,7,47,85,2-7-6-13,129.994,
Reliability,CF1101,CF1100,2026-09-01 15:39:34.000Z,Cenfire,CENV-V-056-SPLIT1-w0085,Production,Inline,OPERATOR,Test_Structures,PROBE08,PROBE08,38314101-001,25,7,13,1,7,55,85,1-7-7-13,0.612464,
Reliability,CF1101,CF1100,2026-09-01 15:39:34.000Z,Cenfire,CENV-V-056-SPLIT1-w0085,Production,Inline,OPERATOR,Test_Structures,PROBE08,PROBE08,38314101-001,25,7,13,2,7,56,85,2-7-7-13,129.779,
Reliability,CF1101,CF1100,2026-09-01 15:39:39.000Z,Cenfire,CENV-V-056-SPLIT1-w0085,Production,Inline,OPERATOR,Test_Structures,PROBE08,PROBE08,38314101-001,25,8,13,1,7,64,85,1-7-8-13,0.61033,
Reliability,CF1101,CF1100,2026-09-01 15:39:39.000Z,Cenfire,CENV-V-056-SPLIT1-w0085,Production,Inline,OPERATOR,Test_Structures,PROBE08,PROBE08,38314101-001,25,8,13,2,7,65,85,2-7-8-13,129.182,
Reliability,CF1101,CF1100,2026-09-01 15:39:44.000Z,Cenfire,CENV-V-056-SPLIT1-w0085,Production,Inline,OPERATOR,Test_Structures,PROBE08,PROBE08,38314101-001,25,9,13,1,7,73,85,1-7-9-13,0.603491,
Reliability,CF1101,CF1100,2026-09-01 15:39:44.000Z,Cenfire,CENV-V-056-SPLIT1-w0085,Production,Inline,OPERATOR,Test_Structures,PROBE08,PROBE08,38314101-001,25,9,13,2,7,74,85,2-7-9-13,129.077,
Reliability,CF1101,CF1100,2026-09-01 15:39:48.000Z,Cenfire,CENV-V-056-SPLIT1-w0085,Production,Inline,OPERATOR,Test_Structures,PROBE08,PROBE08,38314101-001,25,10,13,1,7,82,85,1-7-10-13,0.60646,
Reliability,CF1101,CF1100,2026-09-01 15:39:48.000Z,Cenfire,CENV-V-056-SPLIT1-w0085,Production,Inline,OPERATOR,Test_Structures,PROBE08,PROBE08,38314101-001,25,10,13,2,7,83,85,2-7-10-13,128.471,
Reliability,CF1101,CF1100,2026-09-01 15:39:53.000Z,Cenfire,CENV-V-056-SPLIT1-w0085,Production,Inline,OPERATOR,Test_Structures,PROBE08,PROBE08,38314101-001,25,11,13,1,7,91,85,1-7-11-13,0.61245,
Reliability,CF1101,CF1100,2026-09-01 15:39:53.000Z,Cenfire,CENV-V-056-SPLIT1-w0085,Production,Inline,OPERATOR,Test_Structures,PROBE08,PROBE08,38314101-001,25,11,13,2,7,92,85,2-7-11-13,129.889,
Reliability,CF1101,CF1100,2026-09-01 15:39:58.000Z,Cenfire,CENV-V-056-SPLIT1-w0085,Production,Inline,OPERATOR,Test_Structures,PROBE08,PROBE08,38314101-001,25,12,13,1,7,100,85,1-7-12-13,0.630938,
Reliability,CF1101,CF1100,2026-09-01 15:39:58.000Z,Cenfire,CENV-V-056-SPLIT1-w0085,Production,Inline,OPERATOR,Test_Structures,PROBE08,PROBE08,38314101-001,25,12,13,2,7,101,85,2-7-12-13,133.813,
Reliability,CF1101,CF1100,2026-09-01 15:40:02.000Z,Cenfire,CENV-V-056-SPLIT1-w0085,Production,Inline,OPERATOR,Test_Structures,PROBE08,PROBE08,38314101-001,25,13,13,1,7,109,85,1-7-13-13,0.655579,
Reliability,CF1101,CF1100,2026-09-01 15:40:02.000Z,Cenfire,CENV-V-056-SPLIT1-w0085,Production,Inline,OPERATOR,Test_Structures,PROBE08,PROBE08,38314101-001,25,13,13,2,7,110,85,2-7-13-13,137.664,
Reliability,CF1101,CF1100,2026-09-01 15:40:07.000Z,Cenfire,CENV-V-056-SPLIT1-w0085,Production,Inline,OPERATOR,Test_Structures,PROBE08,PROBE08,38314101-001,25,14,13,1,7,118,85,1-7-14-13,0.682236,
Reliability,CF1101,CF1100,2026-09-01 15:40:07.000Z,Cenfire,CENV-V-056-SPLIT1-w0085,Production,Inline,OPERATOR,Test_Structures,PROBE08,PROBE08,38314101-001,25,14,13,2,7,119,85,2-7-14-13,141.719,
Reliability,CF1101,CF1100,2026-09-01 15:40:12.000Z,Cenfire,CENV-V-056-SPLIT1-w0085,Production,Inline,OPERATOR,Test_Structures,PROBE08,PROBE08,38314101-001,25,2,14,1,7,10,92,1-7-2-14,0.656851,
Reliability,CF1101,CF1100,2026-09-01 15:40:12.000Z,Cenfire,CENV-V-056-SPLIT1-w0085,Production,Inline,OPERATOR,Test_Structures,PROBE08,PROBE08,38314101-001,25,2,14,2,7,11,92,2-7-2-14,0.435743,
Reliability,CF1101,CF1100,2026-09-01 15:40:17.000Z,Cenfire,CENV-V-056-SPLIT1-w0085,Production,Inline,OPERATOR,Test_Structures,PROBE08,PROBE08,38314101-001,25,3,14,1,7,19,92,1-7-3-14,0.63865,
Reliability,CF1101,CF1100,2026-09-01 15:40:17.000Z,Cenfire,CENV-V-056-SPLIT1-w0085,Production,Inline,OPERATOR,Test_Structures,PROBE08,PROBE08,38314101-001,25,3,14,2,7,20,92,2-7-3-14,766.432,
Reliability,CF1101,CF1100,2026-09-01 15:40:21.000Z,Cenfire,CENV-V-056-SPLIT1-w0085,Production,Inline,OPERATOR,Test_Structures,PROBE08,PROBE08,38314101-001,25,4,14,1,7,28,92,1-7-4-14,0.619453,
Reliability,CF1101,CF1100,2026-09-01 15:40:21.000Z,Cenfire,CENV-V-056-SPLIT1-w0085,Production,Inline,OPERATOR,Test_Structures,PROBE08,PROBE08,38314101-001,25,4,14,2,7,29,92,2-7-4-14,0.748752,
Reliability,CF1101,CF1100,2026-09-01 15:40:26.000Z,Cenfire,CENV-V-056-SPLIT1-w0085,Production,Inline,OPERATOR,Test_Structures,PROBE08,PROBE08,38314101-001,25,5,14,1,7,37,92,1-7-5-14,0.605902,
Reliability,CF1101,CF1100,2026-09-01 15:40:26.000Z,Cenfire,CENV-V-056-SPLIT1-w0085,Production,Inline,OPERATOR,Test_Structures,PROBE08,PROBE08,38314101-001,25,5,14,2,7,38,92,2-7-5-14,109.703,
Reliability,CF1101,CF1100,2026-09-01 15:40:31.000Z,Cenfire,CENV-V-056-SPLIT1-w0085,Production,Inline,OPERATOR,Test_Structures,PROBE08,PROBE08,38314101-001,25,6,14,1,7,46,92,1-7-6-14,0.603731,
Reliability,CF1101,CF1100,2026-09-01 15:40:31.000Z,Cenfire,CENV-V-056-SPLIT1-w0085,Production,Inline,OPERATOR,Test_Structures,PROBE08,PROBE08,38314101-001,25,6,14,2,7,47,92,2-7-6-14,130.435,
Reliability,CF1101,CF1100,2026-09-01 15:40:37.000Z,Cenfire,CENV-V-056-SPLIT1-w0085,Production,Inline,OPERATOR,Test_Structures,PROBE08,PROBE08,38314101-001,25,7,14,1,7,55,92,1-7-7-14,0.601126,
Reliability,CF1101,CF1100,2026-09-01 15:40:37.000Z,Cenfire,CENV-V-056-SPLIT1-w0085,Production,Inline,OPERATOR,Test_Structures,PROBE08,PROBE08,38314101-001,25,7,14,2,7,56,92,2-7-7-14,132.614,
Reliability,CF1101,CF1100,2026-09-01 15:40:42.000Z,Cenfire,CENV-V-056-SPLIT1-w0085,Production,Inline,OPERATOR,Test_Structures,PROBE08,PROBE08,38314101-001,25,8,14,1,7,64,92,1-7-8-14,0.602316,
Reliability,CF1101,CF1100,2026-09-01 15:40:42.000Z,Cenfire,CENV-V-056-SPLIT1-w0085,Production,Inline,OPERATOR,Test_Structures,PROBE08,PROBE08,38314101-001,25,8,14,2,7,65,92,2-7-8-14,128.896,
Reliability,CF1101,CF1100,2026-09-01 15:40:46.000Z,Cenfire,CENV-V-056-SPLIT1-w0085,Production,Inline,OPERATOR,Test_Structures,PROBE08,PROBE08,38314101-001,25,9,14,1,7,73,92,1-7-9-14,0.598676,
Reliability,CF1101,CF1100,2026-09-01 15:40:46.000Z,Cenfire,CENV-V-056-SPLIT1-w0085,Production,Inline,OPERATOR,Test_Structures,PROBE08,PROBE08,38314101-001,25,9,14,2,7,74,92,2-7-9-14,129.919,
Reliability,CF1101,CF1100,2026-09-01 15:40:51.000Z,Cenfire,CENV-V-056-SPLIT1-w0085,Production,Inline,OPERATOR,Test_Structures,PROBE08,PROBE08,38314101-001,25,10,14,1,7,82,92,1-7-10-14,0.60302,
Reliability,CF1101,CF1100,2026-09-01 15:40:51.000Z,Cenfire,CENV-V-056-SPLIT1-w0085,Production,Inline,OPERATOR,Test_Structures,PROBE08,PROBE08,38314101-001,25,10,14,2,7,83,92,2-7-10-14,132.606,
Reliability,CF1101,CF1100,2026-09-01 15:40:56.000Z,Cenfire,CENV-V-056-SPLIT1-w0085,Production,Inline,OPERATOR,Test_Structures,PROBE08,PROBE08,38314101-001,25,11,14,1,7,91,92,1-7-11-14,0.622991,
Reliability,CF1101,CF1100,2026-09-01 15:40:56.000Z,Cenfire,CENV-V-056-SPLIT1-w0085,Production,Inline,OPERATOR,Test_Structures,PROBE08,PROBE08,38314101-001,25,11,14,2,7,92,92,2-7-11-14,132.494,
Reliability,CF1101,CF1100,2026-09-01 15:41:00.000Z,Cenfire,CENV-V-056-SPLIT1-w0085,Production,Inline,OPERATOR,Test_Structures,PROBE08,PROBE08,38314101-001,25,12,14,1,7,100,92,1-7-12-14,0.638709,
Reliability,CF1101,CF1100,2026-09-01 15:41:00.000Z,Cenfire,CENV-V-056-SPLIT1-w0085,Production,Inline,OPERATOR,Test_Structures,PROBE08,PROBE08,38314101-001,25,12,14,2,7,101,92,2-7-12-14,38.6837,
Reliability,CF1101,CF1100,2026-09-01 15:41:05.000Z,Cenfire,CENV-V-056-SPLIT1-w0085,Production,Inline,OPERATOR,Test_Structures,PROBE08,PROBE08,38314101-001,25,13,14,1,7,109,92,1-7-13-14,0.660771,
Reliability,CF1101,CF1100,2026-09-01 15:41:05.000Z,Cenfire,CENV-V-056-SPLIT1-w0085,Production,Inline,OPERATOR,Test_Structures,PROBE08,PROBE08,38314101-001,25,13,14,2,7,110,92,2-7-13-14,137.452,
Reliability,CF1101,CF1100,2026-09-01 15:41:10.000Z,Cenfire,CENV-V-056-SPLIT1-w0085,Production,Inline,OPERATOR,Test_Structures,PROBE08,PROBE08,38314101-001,25,14,14,1,7,118,92,1-7-14-14,0.699884,
Reliability,CF1101,CF1100,2026-09-01 15:41:10.000Z,Cenfire,CENV-V-056-SPLIT1-w0085,Production,Inline,OPERATOR,Test_Structures,PROBE08,PROBE08,38314101-001,25,14,14,2,7,119,92,2-7-14-14,848.453,
Reliability,CF1101,CF1100,2026-09-01 15:41:15.000Z,Cenfire,CENV-V-056-SPLIT1-w0085,Production,Inline,OPERATOR,Test_Structures,PROBE08,PROBE08,38314101-001,25,3,15,1,7,19,99,1-7-3-15,0.655114,
Reliability,CF1101,CF1100,2026-09-01 15:41:15.000Z,Cenfire,CENV-V-056-SPLIT1-w0085,Production,Inline,OPERATOR,Test_Structures,PROBE08,PROBE08,38314101-001,25,3,15,2,7,20,99,2-7-3-15,109.988,
Reliability,CF1101,CF1100,2026-09-01 15:41:19.000Z,Cenfire,CENV-V-056-SPLIT1-w0085,Production,Inline,OPERATOR,Test_Structures,PROBE08,PROBE08,38314101-001,25,4,15,1,7,28,99,1-7-4-15,0.641219,
Reliability,CF1101,CF1100,2026-09-01 15:41:19.000Z,Cenfire,CENV-V-056-SPLIT1-w0085,Production,Inline,OPERATOR,Test_Structures,PROBE08,PROBE08,38314101-001,25,4,15,2,7,29,99,2-7-4-15,0.611516,
Reliability,CF1101,CF1100,2026-09-01 15:41:24.000Z,Cenfire,CENV-V-056-SPLIT1-w0085,Production,Inline,OPERATOR,Test_Structures,PROBE08,PROBE08,38314101-001,25,5,15,1,7,37,99,1-7-5-15,0.614754,
Reliability,CF1101,CF1100,2026-09-01 15:41:24.000Z,Cenfire,CENV-V-056-SPLIT1-w0085,Production,Inline,OPERATOR,Test_Structures,PROBE08,PROBE08,38314101-001,25,5,15,2,7,38,99,2-7-5-15,1.12429,
Reliability,CF1101,CF1100,2026-09-01 15:41:29.000Z,Cenfire,CENV-V-056-SPLIT1-w0085,Production,Inline,OPERATOR,Test_Structures,PROBE08,PROBE08,38314101-001,25,6,15,1,7,46,99,1-7-6-15,0.606928,
Reliability,CF1101,CF1100,2026-09-01 15:41:29.000Z,Cenfire,CENV-V-056-SPLIT1-w0085,Production,Inline,OPERATOR,Test_Structures,PROBE08,PROBE08,38314101-001,25,6,15,2,7,47,99,2-7-6-15,130.03,
Reliability,CF1101,CF1100,2026-09-01 15:41:34.000Z,Cenfire,CENV-V-056-SPLIT1-w0085,Production,Inline,OPERATOR,Test_Structures,PROBE08,PROBE08,38314101-001,25,7,15,1,7,55,99,1-7-7-15,0.601593,
Reliability,CF1101,CF1100,2026-09-01 15:41:34.000Z,Cenfire,CENV-V-056-SPLIT1-w0085,Production,Inline,OPERATOR,Test_Structures,PROBE08,PROBE08,38314101-001,25,7,15,2,7,56,99,2-7-7-15,130.827,
Reliability,CF1101,CF1100,2026-09-01 15:41:38.000Z,Cenfire,CENV-V-056-SPLIT1-w0085,Production,Inline,OPERATOR,Test_Structures,PROBE08,PROBE08,38314101-001,25,8,15,1,7,64,99,1-7-8-15,0.600063,
Reliability,CF1101,CF1100,2026-09-01 15:41:38.000Z,Cenfire,CENV-V-056-SPLIT1-w0085,Production,Inline,OPERATOR,Test_Structures,PROBE08,PROBE08,38314101-001,25,8,15,2,7,65,99,2-7-8-15,133.039,
Reliability,CF1101,CF1100,2026-09-01 15:41:43.000Z,Cenfire,CENV-V-056-SPLIT1-w0085,Production,Inline,OPERATOR,Test_Structures,PROBE08,PROBE08,38314101-001,25,9,15,1,7,73,99,1-7-9-15,0.603519,
Reliability,CF1101,CF1100,2026-09-01 15:41:43.000Z,Cenfire,CENV-V-056-SPLIT1-w0085,Production,Inline,OPERATOR,Test_Structures,PROBE08,PROBE08,38314101-001,25,9,15,2,7,74,99,2-7-9-15,130.218,
Reliability,CF1101,CF1100,2026-09-01 15:41:48.000Z,Cenfire,CENV-V-056-SPLIT1-w0085,Production,Inline,OPERATOR,Test_Structures,PROBE08,PROBE08,38314101-001,25,10,15,1,7,82,99,1-7-10-15,0.611162,
Reliability,CF1101,CF1100,2026-09-01 15:41:48.000Z,Cenfire,CENV-V-056-SPLIT1-w0085,Production,Inline,OPERATOR,Test_Structures,PROBE08,PROBE08,38314101-001,25,10,15,2,7,83,99,2-7-10-15,132.232,
Reliability,CF1101,CF1100,2026-09-01 15:41:52.000Z,Cenfire,CENV-V-056-SPLIT1-w0085,Production,Inline,OPERATOR,Test_Structures,PROBE08,PROBE08,38314101-001,25,11,15,1,7,91,99,1-7-11-15,0.629592,
Reliability,CF1101,CF1100,2026-09-01 15:41:52.000Z,Cenfire,CENV-V-056-SPLIT1-w0085,Production,Inline,OPERATOR,Test_Structures,PROBE08,PROBE08,38314101-001,25,11,15,2,7,92,99,2-7-11-15,77.0448,
Reliability,CF1101,CF1100,2026-09-01 15:41:57.000Z,Cenfire,CENV-V-056-SPLIT1-w0085,Production,Inline,OPERATOR,Test_Structures,PROBE08,PROBE08,38314101-001,25,12,15,1,7,100,99,1-7-12-15,0.647201,
Reliability,CF1101,CF1100,2026-09-01 15:41:57.000Z,Cenfire,CENV-V-056-SPLIT1-w0085,Production,Inline,OPERATOR,Test_Structures,PROBE08,PROBE08,38314101-001,25,12,15,2,7,101,99,2-7-12-15,135.909,
Reliability,CF1101,CF1100,2026-09-01 15:42:02.000Z,Cenfire,CENV-V-056-SPLIT1-w0085,Production,Inline,OPERATOR,Test_Structures,PROBE08,PROBE08,38314101-001,25,13,15,1,7,109,99,1-7-13-15,0.666266,
Reliability,CF1101,CF1100,2026-09-01 15:42:02.000Z,Cenfire,CENV-V-056-SPLIT1-w0085,Production,Inline,OPERATOR,Test_Structures,PROBE08,PROBE08,38314101-001,25,13,15,2,7,110,99,2-7-13-15,135.135,
Reliability,CF1101,CF1100,2026-09-01 15:42:07.000Z,Cenfire,CENV-V-056-SPLIT1-w0085,Production,Inline,OPERATOR,Test_Structures,PROBE08,PROBE08,38314101-001,25,3,16,1,7,19,106,1-7-3-16,0.652447,
Reliability,CF1101,CF1100,2026-09-01 15:42:07.000Z,Cenfire,CENV-V-056-SPLIT1-w0085,Production,Inline,OPERATOR,Test_Structures,PROBE08,PROBE08,38314101-001,25,3,16,2,7,20,106,2-7-3-16,42.0286,
Reliability,CF1101,CF1100,2026-09-01 15:42:11.000Z,Cenfire,CENV-V-056-SPLIT1-w0085,Production,Inline,OPERATOR,Test_Structures,PROBE08,PROBE08,38314101-001,25,4,16,1,7,28,106,1-7-4-16,0.650477,
Reliability,CF1101,CF1100,2026-09-01 15:42:11.000Z,Cenfire,CENV-V-056-SPLIT1-w0085,Production,Inline,OPERATOR,Test_Structures,PROBE08,PROBE08,38314101-001,25,4,16,2,7,29,106,2-7-4-16,0.584126,
Reliability,CF1101,CF1100,2026-09-01 15:42:16.000Z,Cenfire,CENV-V-056-SPLIT1-w0085,Production,Inline,OPERATOR,Test_Structures,PROBE08,PROBE08,38314101-001,25,5,16,1,7,37,106,1-7-5-16,0.637663,
Reliability,CF1101,CF1100,2026-09-01 15:42:16.000Z,Cenfire,CENV-V-056-SPLIT1-w0085,Production,Inline,OPERATOR,Test_Structures,PROBE08,PROBE08,38314101-001,25,5,16,2,7,38,106,2-7-5-16,0.462873,
Reliability,CF1101,CF1100,2026-09-01 15:42:21.000Z,Cenfire,CENV-V-056-SPLIT1-w0085,Production,Inline,OPERATOR,Test_Structures,PROBE08,PROBE08,38314101-001,25,6,16,1,7,46,106,1-7-6-16,0.623397,
Reliability,CF1101,CF1100,2026-09-01 15:42:21.000Z,Cenfire,CENV-V-056-SPLIT1-w0085,Production,Inline,OPERATOR,Test_Structures,PROBE08,PROBE08,38314101-001,25,6,16,2,7,47,106,2-7-6-16,132.507,
Reliability,CF1101,CF1100,2026-09-01 15:42:26.000Z,Cenfire,CENV-V-056-SPLIT1-w0085,Production,Inline,OPERATOR,Test_Structures,PROBE08,PROBE08,38314101-001,25,7,16,1,7,55,106,1-7-7-16,0.614833,
Reliability,CF1101,CF1100,2026-09-01 15:42:26.000Z,Cenfire,CENV-V-056-SPLIT1-w0085,Production,Inline,OPERATOR,Test_Structures,PROBE08,PROBE08,38314101-001,25,7,16,2,7,56,106,2-7-7-16,132.262,
Reliability,CF1101,CF1100,2026-09-01 15:42:30.000Z,Cenfire,CENV-V-056-SPLIT1-w0085,Production,Inline,OPERATOR,Test_Structures,PROBE08,PROBE08,38314101-001,25,8,16,1,7,64,106,1-7-8-16,0.615541,
Reliability,CF1101,CF1100,2026-09-01 15:42:30.000Z,Cenfire,CENV-V-056-SPLIT1-w0085,Production,Inline,OPERATOR,Test_Structures,PROBE08,PROBE08,38314101-001,25,8,16,2,7,65,106,2-7-8-16,134.758,
Reliability,CF1101,CF1100,2026-09-01 15:42:35.000Z,Cenfire,CENV-V-056-SPLIT1-w0085,Production,Inline,OPERATOR,Test_Structures,PROBE08,PROBE08,38314101-001,25,9,16,1,7,73,106,1-7-9-16,0.615477,
Reliability,CF1101,CF1100,2026-09-01 15:42:35.000Z,Cenfire,CENV-V-056-SPLIT1-w0085,Production,Inline,OPERATOR,Test_Structures,PROBE08,PROBE08,38314101-001,25,9,16,2,7,74,106,2-7-9-16,131.993,
Reliability,CF1101,CF1100,2026-09-01 15:42:40.000Z,Cenfire,CENV-V-056-SPLIT1-w0085,Production,Inline,OPERATOR,Test_Structures,PROBE08,PROBE08,38314101-001,25,10,16,1,7,82,106,1-7-10-16,0.62278,
Reliability,CF1101,CF1100,2026-09-01 15:42:40.000Z,Cenfire,CENV-V-056-SPLIT1-w0085,Production,Inline,OPERATOR,Test_Structures,PROBE08,PROBE08,38314101-001,25,10,16,2,7,83,106,2-7-10-16,0.521491,
Reliability,CF1101,CF1100,2026-09-01 15:42:44.000Z,Cenfire,CENV-V-056-SPLIT1-w0085,Production,Inline,OPERATOR,Test_Structures,PROBE08,PROBE08,38314101-001,25,11,16,1,7,91,106,1-7-11-16,0.639937,
Reliability,CF1101,CF1100,2026-09-01 15:42:44.000Z,Cenfire,CENV-V-056-SPLIT1-w0085,Production,Inline,OPERATOR,Test_Structures,PROBE08,PROBE08,38314101-001,25,11,16,2,7,92,106,2-7-11-16,109.35,
Reliability,CF1101,CF1100,2026-09-01 15:42:49.000Z,Cenfire,CENV-V-056-SPLIT1-w0085,Production,Inline,OPERATOR,Test_Structures,PROBE08,PROBE08,38314101-001,25,12,16,1,7,100,106,1-7-12-16,0.660079,
Reliability,CF1101,CF1100,2026-09-01 15:42:49.000Z,Cenfire,CENV-V-056-SPLIT1-w0085,Production,Inline,OPERATOR,Test_Structures,PROBE08,PROBE08,38314101-001,25,12,16,2,7,101,106,2-7-12-16,18.3113,
Reliability,CF1101,CF1100,2026-09-01 15:42:53.000Z,Cenfire,CENV-V-056-SPLIT1-w0085,Production,Inline,OPERATOR,Test_Structures,PROBE08,PROBE08,38314101-001,25,13,16,1,7,109,106,1-7-13-16,0.667002,
Reliability,CF1101,CF1100,2026-09-01 15:42:53.000Z,Cenfire,CENV-V-056-SPLIT1-w0085,Production,Inline,OPERATOR,Test_Structures,PROBE08,PROBE08,38314101-001,25,13,16,2,7,110,106,2-7-13-16,144.523,
Reliability,CF1101,CF1100,2026-09-01 15:42:58.000Z,Cenfire,CENV-V-056-SPLIT1-w0085,Production,Inline,OPERATOR,Test_Structures,PROBE08,PROBE08,38314101-001,25,4,17,1,7,28,113,1-7-4-17,0.648787,
Reliability,CF1101,CF1100,2026-09-01 15:42:58.000Z,Cenfire,CENV-V-056-SPLIT1-w0085,Production,Inline,OPERATOR,Test_Structures,PROBE08,PROBE08,38314101-001,25,4,17,2,7,29,113,2-7-4-17,0.782414,
Reliability,CF1101,CF1100,2026-09-01 15:43:03.000Z,Cenfire,CENV-V-056-SPLIT1-w0085,Production,Inline,OPERATOR,Test_Structures,PROBE08,PROBE08,38314101-001,25,5,17,1,7,37,113,1-7-5-17,0.639131,
Reliability,CF1101,CF1100,2026-09-01 15:43:03.000Z,Cenfire,CENV-V-056-SPLIT1-w0085,Production,Inline,OPERATOR,Test_Structures,PROBE08,PROBE08,38314101-001,25,5,17,2,7,38,113,2-7-5-17,39.8713,
Reliability,CF1101,CF1100,2026-09-01 15:43:08.000Z,Cenfire,CENV-V-056-SPLIT1-w0085,Production,Inline,OPERATOR,Test_Structures,PROBE08,PROBE08,38314101-001,25,6,17,1,7,46,113,1-7-6-17,0.632069,
Reliability,CF1101,CF1100,2026-09-01 15:43:08.000Z,Cenfire,CENV-V-056-SPLIT1-w0085,Production,Inline,OPERATOR,Test_Structures,PROBE08,PROBE08,38314101-001,25,6,17,2,7,47,113,2-7-6-17,0.90947,
Reliability,CF1101,CF1100,2026-09-01 15:43:12.000Z,Cenfire,CENV-V-056-SPLIT1-w0085,Production,Inline,OPERATOR,Test_Structures,PROBE08,PROBE08,38314101-001,25,7,17,1,7,55,113,1-7-7-17,0.627827,
Reliability,CF1101,CF1100,2026-09-01 15:43:12.000Z,Cenfire,CENV-V-056-SPLIT1-w0085,Production,Inline,OPERATOR,Test_Structures,PROBE08,PROBE08,38314101-001,25,7,17,2,7,56,113,2-7-7-17,105.086,
Reliability,CF1101,CF1100,2026-09-01 15:43:17.000Z,Cenfire,CENV-V-056-SPLIT1-w0085,Production,Inline,OPERATOR,Test_Structures,PROBE08,PROBE08,38314101-001,25,8,17,1,7,64,113,1-7-8-17,0.621278,
Reliability,CF1101,CF1100,2026-09-01 15:43:17.000Z,Cenfire,CENV-V-056-SPLIT1-w0085,Production,Inline,OPERATOR,Test_Structures,PROBE08,PROBE08,38314101-001,25,8,17,2,7,65,113,2-7-8-17,135.929,
Reliability,CF1101,CF1100,2026-09-01 15:43:22.000Z,Cenfire,CENV-V-056-SPLIT1-w0085,Production,Inline,OPERATOR,Test_Structures,PROBE08,PROBE08,38314101-001,25,9,17,1,7,73,113,1-7-9-17,0.631719,
Reliability,CF1101,CF1100,2026-09-01 15:43:22.000Z,Cenfire,CENV-V-056-SPLIT1-w0085,Production,Inline,OPERATOR,Test_Structures,PROBE08,PROBE08,38314101-001,25,9,17,2,7,74,113,2-7-9-17,133.152,
Reliability,CF1101,CF1100,2026-09-01 15:43:26.000Z,Cenfire,CENV-V-056-SPLIT1-w0085,Production,Inline,OPERATOR,Test_Structures,PROBE08,PROBE08,38314101-001,25,10,17,1,7,82,113,1-7-10-17,0.640005,
Reliability,CF1101,CF1100,2026-09-01 15:43:26.000Z,Cenfire,CENV-V-056-SPLIT1-w0085,Production,Inline,OPERATOR,Test_Structures,PROBE08,PROBE08,38314101-001,25,10,17,2,7,83,113,2-7-10-17,56.88,
Reliability,CF1101,CF1100,2026-09-01 15:43:31.000Z,Cenfire,CENV-V-056-SPLIT1-w0085,Production,Inline,OPERATOR,Test_Structures,PROBE08,PROBE08,38314101-001,25,11,17,1,7,91,113,1-7-11-17,0.652476,
Reliability,CF1101,CF1100,2026-09-01 15:43:31.000Z,Cenfire,CENV-V-056-SPLIT1-w0085,Production,Inline,OPERATOR,Test_Structures,PROBE08,PROBE08,38314101-001,25,11,17,2,7,92,113,2-7-11-17,0.422797,
Reliability,CF1101,CF1100,2026-09-01 15:43:36.000Z,Cenfire,CENV-V-056-SPLIT1-w0085,Production,Inline,OPERATOR,Test_Structures,PROBE08,PROBE08,38314101-001,25,12,17,1,7,100,113,1-7-12-17,0.658956,
Reliability,CF1101,CF1100,2026-09-01 15:43:36.000Z,Cenfire,CENV-V-056-SPLIT1-w0085,Production,Inline,OPERATOR,Test_Structures,PROBE08,PROBE08,38314101-001,25,12,17,2,7,101,113,2-7-12-17,138.072,
Reliability,CF1101,CF1100,2026-09-01 15:43:40.000Z,Cenfire,CENV-V-056-SPLIT1-w0085,Production,Inline,OPERATOR,Test_Structures,PROBE08,PROBE08,38314101-001,25,5,18,1,7,37,120,1-7-5-18,0.644532,
Reliability,CF1101,CF1100,2026-09-01 15:43:40.000Z,Cenfire,CENV-V-056-SPLIT1-w0085,Production,Inline,OPERATOR,Test_Structures,PROBE08,PROBE08,38314101-001,25,5,18,2,7,38,120,2-7-5-18,135.641,
Reliability,CF1101,CF1100,2026-09-01 15:43:45.000Z,Cenfire,CENV-V-056-SPLIT1-w0085,Production,Inline,OPERATOR,Test_Structures,PROBE08,PROBE08,38314101-001,25,6,18,1,7,46,120,1-7-6-18,0.639386,
Reliability,CF1101,CF1100,2026-09-01 15:43:45.000Z,Cenfire,CENV-V-056-SPLIT1-w0085,Production,Inline,OPERATOR,Test_Structures,PROBE08,PROBE08,38314101-001,25,6,18,2,7,47,120,2-7-6-18,135.24,
Reliability,CF1101,CF1100,2026-09-01 15:43:50.000Z,Cenfire,CENV-V-056-SPLIT1-w0085,Production,Inline,OPERATOR,Test_Structures,PROBE08,PROBE08,38314101-001,25,7,18,1,7,55,120,1-7-7-18,0.636414,
Reliability,CF1101,CF1100,2026-09-01 15:43:50.000Z,Cenfire,CENV-V-056-SPLIT1-w0085,Production,Inline,OPERATOR,Test_Structures,PROBE08,PROBE08,38314101-001,25,7,18,2,7,56,120,2-7-7-18,137.657,
Reliability,CF1101,CF1100,2026-09-01 15:43:54.000Z,Cenfire,CENV-V-056-SPLIT1-w0085,Production,Inline,OPERATOR,Test_Structures,PROBE08,PROBE08,38314101-001,25,8,18,1,7,64,120,1-7-8-18,0.637081,
Reliability,CF1101,CF1100,2026-09-01 15:43:54.000Z,Cenfire,CENV-V-056-SPLIT1-w0085,Production,Inline,OPERATOR,Test_Structures,PROBE08,PROBE08,38314101-001,25,8,18,2,7,65,120,2-7-8-18,17.5913,
Reliability,CF1101,CF1100,2026-09-01 15:43:59.000Z,Cenfire,CENV-V-056-SPLIT1-w0085,Production,Inline,OPERATOR,Test_Structures,PROBE08,PROBE08,38314101-001,25,9,18,1,7,73,120,1-7-9-18,0.642811,
Reliability,CF1101,CF1100,2026-09-01 15:43:59.000Z,Cenfire,CENV-V-056-SPLIT1-w0085,Production,Inline,OPERATOR,Test_Structures,PROBE08,PROBE08,38314101-001,25,9,18,2,7,74,120,2-7-9-18,138.078,
Reliability,CF1101,CF1100,2026-09-01 15:44:04.000Z,Cenfire,CENV-V-056-SPLIT1-w0085,Production,Inline,OPERATOR,Test_Structures,PROBE08,PROBE08,38314101-001,25,10,18,1,7,82,120,1-7-10-18,0.646722,
Reliability,CF1101,CF1100,2026-09-01 15:44:04.000Z,Cenfire,CENV-V-056-SPLIT1-w0085,Production,Inline,OPERATOR,Test_Structures,PROBE08,PROBE08,38314101-001,25,10,18,2,7,83,120,2-7-10-18,138.944,
Reliability,CF1101,CF1100,2026-09-01 15:44:08.000Z,Cenfire,CENV-V-056-SPLIT1-w0085,Production,Inline,OPERATOR,Test_Structures,PROBE08,PROBE08,38314101-001,25,11,18,1,7,91,120,1-7-11-18,0.654595,
Reliability,CF1101,CF1100,2026-09-01 15:44:08.000Z,Cenfire,CENV-V-056-SPLIT1-w0085,Production,Inline,OPERATOR,Test_Structures,PROBE08,PROBE08,38314101-001,25,11,18,2,7,92,120,2-7-11-18,142.85,
Reliability,CF1101,CF1100,2026-09-01 15:44:13.000Z,Cenfire,CENV-V-056-SPLIT1-w0085,Production,Inline,OPERATOR,Test_Structures,PROBE08,PROBE08,38314101-001,25,7,19,1,7,55,127,1-7-7-19,0.654347,
Reliability,CF1101,CF1100,2026-09-01 15:44:13.000Z,Cenfire,CENV-V-056-SPLIT1-w0085,Production,Inline,OPERATOR,Test_Structures,PROBE08,PROBE08,38314101-001,25,7,19,2,7,56,127,2-7-7-19,136.396,
Reliability,CF1101,CF1100,2026-09-01 15:44:18.000Z,Cenfire,CENV-V-056-SPLIT1-w0085,Production,Inline,OPERATOR,Test_Structures,PROBE08,PROBE08,38314101-001,25,8,19,1,7,64,127,1-7-8-19,0.655347,
Reliability,CF1101,CF1100,2026-09-01 15:44:18.000Z,Cenfire,CENV-V-056-SPLIT1-w0085,Production,Inline,OPERATOR,Test_Structures,PROBE08,PROBE08,38314101-001,25,8,19,2,7,65,127,2-7-8-19,138.746,
Reliability,CF1101,CF1100,2026-09-01 15:44:23.000Z,Cenfire,CENV-V-056-SPLIT1-w0085,Production,Inline,OPERATOR,Test_Structures,PROBE08,PROBE08,38314101-001,25,9,19,1,7,73,127,1-7-9-19,0.659801,
Reliability,CF1101,CF1100,2026-09-01 15:44:23.000Z,Cenfire,CENV-V-056-SPLIT1-w0085,Production,Inline,OPERATOR,Test_Structures,PROBE08,PROBE08,38314101-001,25,9,19,2,7,74,127,2-7-9-19,139.916,
